<?xml version="1.0" encoding="UTF-8"?>
<sltp_graph version="1.1" packageUris="http://schema.mathworks.com/mf0/sltp_mm/R2021b_202106150630">
  <sltp.mm.core.Context type="sltp.mm.core.Context" uuid="a9ef8f3b-c083-47d6-84e5-37f1580e7ce3">
    <editorState type="sltp.mm.core.EditorState" uuid="3429ef35-ff8f-40e9-9e53-88ef0319603d">
      <panelState type="sltp.mm.core.EditorPanelState" uuid="4d0a93cc-e9a0-4489-8f2d-c729ee71b0ac"/>
    </editorState>
    <rootTask type="sltp.mm.core.Task" uuid="0ea71351-dce5-4fc3-992f-53b361b99aac">
      <context type="sltp.mm.core.Context" uuid="a9ef8f3b-c083-47d6-84e5-37f1580e7ce3"/>
      <explicit>false</explicit>
      <name>Default</name>
      <priority>-2147483648</priority>
      <subgraph type="sltp.mm.core.Graph" uuid="aa1c6c0d-a73c-45bb-862e-003d2fe906d2"/>
    </rootTask>
  </sltp.mm.core.Context>
</sltp_graph>