<?xml version="1.0" encoding="UTF-8"?>
<sltp_graph version="1.1" packageUris="http://schema.mathworks.com/mf0/sltp_mm/R2021b_202106150630">
  <sltp.mm.core.Context type="sltp.mm.core.Context" uuid="b4b77d74-f152-4f21-a041-10918129955a">
    <priorityDirection>HighNumberLast</priorityDirection>
    <editorState type="sltp.mm.core.EditorState" uuid="3429ef35-ff8f-40e9-9e53-88ef0319603d">
      <isSynchronized>true</isSynchronized>
      <panelState type="sltp.mm.core.EditorPanelState" uuid="6e49ab73-1f7d-4078-b6d9-2b3c2d044871"/>
    </editorState>
    <rootTask type="sltp.mm.core.Task" uuid="ab252e1c-83eb-462a-b4ef-315a757575f0">
      <context type="sltp.mm.core.Context" uuid="b4b77d74-f152-4f21-a041-10918129955a"/>
      <explicit>false</explicit>
      <name>Default</name>
      <priority>-2147483648</priority>
      <subgraph type="sltp.mm.core.Graph" uuid="923db5ab-29d1-4117-bd2c-9ce7a78116ee">
        <tasks type="sltp.mm.core.Task" uuid="e1fb7b70-b9ae-4d45-a61b-ba0378d3737e">
          <baseTask>true</baseTask>
          <context type="sltp.mm.core.Context" uuid="b4b77d74-f152-4f21-a041-10918129955a"/>
          <explicit>false</explicit>
          <id>1</id>
          <isTimed>true</isTimed>
          <name>Cont</name>
          <priority>40</priority>
          <rates type="sltp.mm.core.Rate" uuid="5371421f-e1d7-452b-8b76-81150793d675">
            <annotation>Cont</annotation>
            <color>255</color>
            <hasBlocks>true</hasBlocks>
            <rateSpec type="sltp.mm.core.RateSpec">
              <period>0.0</period>
            </rateSpec>
            <sti>0</sti>
          </rates>
        </tasks>
      </subgraph>
    </rootTask>
  </sltp.mm.core.Context>
</sltp_graph>