<?xml version="1.0" encoding="utf-8"?>
<System>
  <P Name="Location">[-8, -8, 968, 1168]</P>
  <P Name="SystemRect">[0.000000, 0.000000, 0.000000, 0.000000]</P>
  <P Name="SetExecutionDomain">off</P>
  <P Name="ExecutionDomainType">Deduce</P>
  <P Name="ZoomFactor">150</P>
  <P Name="ReportName">simulink-default.rpt</P>
  <P Name="SIDHighWatermark">91</P>
  <P Name="SimulinkSubDomain">Simulink</P>
  <Block BlockType="Lookup_n-D" Name="1-D Lookup&#xA;Table" SID="69">
    <P Name="Ports">[1, 1]</P>
    <P Name="Position">[-30, 13, 35, 77]</P>
    <P Name="ZOrder">3067</P>
    <P Name="Commented">on</P>
    <P Name="InputPortMap">u0</P>
    <P Name="NumberOfTableDimensions">1</P>
    <P Name="BreakpointsForDimension1">power</P>
    <P Name="Table">induction_lookup</P>
    <P Name="InternalRulePriority">Speed</P>
    <P Name="RndMeth">Simplest</P>
  </Block>
  <Block BlockType="SubSystem" Name="Control Unit&#xA;(empty template)1" SID="29">
    <P Name="Tag">control unit</P>
    <P Name="Ports">[4, 2]</P>
    <P Name="Position">[425, 357, 580, 468]</P>
    <P Name="ZOrder">48</P>
    <P Name="BackgroundColor">lightBlue</P>
    <P Name="AncestorBlock">qss_tb_library/Controller/Control Unit
(empty template)</P>
    <P Name="LibraryVersion">*1.294</P>
    <P Name="ShowPortLabels">SignalName</P>
    <P Name="RequestExecContextInheritance">off</P>
    <Mask>
      <Display RunInitForIconRedraw="off"/>
    </Mask>
    <System Ref="system_29"/>
  </Block>
  <Block BlockType="SubSystem" Name="Electric Generator&#xA;Left" SID="72">
    <P Name="Ports">[1, 2]</P>
    <P Name="Position">[820, 244, 915, 311]</P>
    <P Name="ZOrder">3083</P>
    <P Name="BackgroundColor">red</P>
    <P Name="AncestorBlock">qss_tb_library/Energy Converter/Electric Generator</P>
    <P Name="LibraryVersion">*1.294</P>
    <P Name="RequestExecContextInheritance">off</P>
    <System Ref="system_72"/>
  </Block>
  <Block BlockType="SubSystem" Name="Electric Generator&#xA;Right" SID="73">
    <P Name="Ports">[1, 2]</P>
    <P Name="Position">[820, 479, 915, 546]</P>
    <P Name="ZOrder">3084</P>
    <P Name="BackgroundColor">red</P>
    <P Name="AncestorBlock">qss_tb_library/Energy Converter/Electric Generator</P>
    <P Name="LibraryVersion">*1.294</P>
    <P Name="RequestExecContextInheritance">off</P>
    <System Ref="system_73"/>
  </Block>
  <Block BlockType="SubSystem" Name="Electric Motor Left" SID="71">
    <P Name="Ports">[2, 1]</P>
    <P Name="Position">[1295, 239, 1390, 326]</P>
    <P Name="ZOrder">3082</P>
    <P Name="BackgroundColor">red</P>
    <P Name="AncestorBlock">qss_tb_library/Energy Converter/Electric Motor</P>
    <P Name="LibraryVersion">*1.294</P>
    <P Name="RequestExecContextInheritance">off</P>
    <Mask>
      <Display RunInitForIconRedraw="off"/>
    </Mask>
    <System Ref="system_71"/>
  </Block>
  <Block BlockType="SubSystem" Name="Electric Motor Right" SID="70">
    <P Name="Ports">[2, 1]</P>
    <P Name="Position">[1290, 509, 1385, 596]</P>
    <P Name="ZOrder">3081</P>
    <P Name="BackgroundColor">red</P>
    <P Name="AncestorBlock">qss_tb_library/Energy Converter/Electric Motor</P>
    <P Name="LibraryVersion">*1.294</P>
    <P Name="RequestExecContextInheritance">off</P>
    <Mask>
      <Display RunInitForIconRedraw="off"/>
    </Mask>
    <System Ref="system_70"/>
  </Block>
  <Block BlockType="Gain" Name="Gain" SID="3">
    <P Name="Position">[1175, 400, 1205, 430]</P>
    <P Name="ZOrder">42</P>
    <P Name="Gain">1/2</P>
  </Block>
  <Block BlockType="Gain" Name="Gain1" SID="75">
    <P Name="Position">[245, 435, 275, 465]</P>
    <P Name="ZOrder">3086</P>
    <P Name="Gain">1/2</P>
  </Block>
  <Block BlockType="SubSystem" Name="Prop Left" SID="79">
    <P Name="Ports">[1, 1]</P>
    <P Name="Position">[1740, 249, 1840, 291]</P>
    <P Name="ZOrder">3088</P>
    <P Name="BackgroundColor">yellow</P>
    <P Name="RequestExecContextInheritance">off</P>
    <P Name="ContentPreviewEnabled">on</P>
    <Mask>
      <Display RunInitForIconRedraw="off"/>
    </Mask>
    <Port>
      <P Name="PortNumber">1</P>
      <P Name="Name">Prop_rpm</P>
    </Port>
    <System Ref="system_79"/>
  </Block>
  <Block BlockType="SubSystem" Name="Prop Right" SID="85">
    <P Name="Ports">[1, 1]</P>
    <P Name="Position">[1740, 549, 1840, 591]</P>
    <P Name="ZOrder">3089</P>
    <P Name="BackgroundColor">yellow</P>
    <P Name="RequestExecContextInheritance">off</P>
    <P Name="ContentPreviewEnabled">on</P>
    <Mask>
      <Display RunInitForIconRedraw="off"/>
    </Mask>
    <Port>
      <P Name="PortNumber">1</P>
      <P Name="Name">Prop_rpm</P>
    </Port>
    <System Ref="system_85"/>
  </Block>
  <Block BlockType="Saturate" Name="Saturation" SID="60">
    <P Name="Position">[285, 360, 315, 390]</P>
    <P Name="ZOrder">3063</P>
    <P Name="UpperLimit">inf</P>
    <P Name="LowerLimit">w_CE_idle</P>
  </Block>
  <Block BlockType="Scope" Name="Scope" SID="78">
    <P Name="Ports">[2]</P>
    <P Name="Position">[295, 256, 325, 289]</P>
    <P Name="ZOrder">3087</P>
    <P Name="BlockMirror">on</P>
    <P Name="ScopeSpecificationString">Simulink.scopes.TimeScopeBlockCfg(&apos;CurrentConfiguration&apos;, extmgr.ConfigurationSet(extmgr.Configuration(&apos;Core&apos;,&apos;General UI&apos;,true),extmgr.Configuration(&apos;Core&apos;,&apos;Source UI&apos;,true),extmgr.Configuration(&apos;Sources&apos;,&apos;WiredSimulink&apos;,true,&apos;DataLoggingVariableName&apos;,&apos;ScopeData1&apos;),extmgr.Configuration(&apos;Visuals&apos;,&apos;Time Domain&apos;,true,&apos;SerializedDisplays&apos;,{struct(&apos;MinYLimReal&apos;,&apos;-5.29521&apos;,&apos;MaxYLimReal&apos;,&apos;367.65692&apos;,&apos;YLabelReal&apos;,&apos;&apos;,&apos;MinYLimMag&apos;,&apos;0.00000&apos;,&apos;MaxYLimMag&apos;,&apos;367.65692&apos;,&apos;LegendVisibility&apos;,&apos;off&apos;,&apos;XGrid&apos;,true,&apos;YGrid&apos;,true,&apos;PlotMagPhase&apos;,false,&apos;AxesColor&apos;,[0 0 0],&apos;AxesTickColor&apos;,[0.686274509803922 0.686274509803922 0.686274509803922],&apos;ColorOrder&apos;,[1 1 0.0666666666666667;0.0745098039215686 0.623529411764706 1;1 0.411764705882353 0.16078431372549;0.392156862745098 0.831372549019608 0.0745098039215686;0.717647058823529 0.274509803921569 1;0.0588235294117647 1 1;1 0.0745098039215686 0.650980392156863],&apos;Title&apos;,&apos;%&lt;SignalLabel&gt;&apos;,&apos;LinePropertiesCache&apos;,{{}},&apos;UserDefinedChannelNames&apos;,{{}},&apos;NumLines&apos;,2,&apos;LineNames&apos;,{{&apos;Saturation&apos;,&apos;Gain1&apos;}},&apos;ShowContent&apos;,true,&apos;Placement&apos;,1)},&apos;DisplayPropertyDefaults&apos;,struct(&apos;MinYLimReal&apos;,&apos;-5.29521&apos;,&apos;MaxYLimReal&apos;,&apos;367.65692&apos;,&apos;YLabelReal&apos;,&apos;&apos;,&apos;MinYLimMag&apos;,&apos;0.00000&apos;,&apos;MaxYLimMag&apos;,&apos;367.65692&apos;,&apos;LegendVisibility&apos;,&apos;off&apos;,&apos;XGrid&apos;,true,&apos;YGrid&apos;,true,&apos;PlotMagPhase&apos;,false,&apos;AxesColor&apos;,[0 0 0],&apos;AxesTickColor&apos;,[0.686274509803922 0.686274509803922 0.686274509803922],&apos;ColorOrder&apos;,[0.0745098039215686 0.623529411764706 1;1 0.411764705882353 0.16078431372549;1 1 0.0666666666666667;0.717647058823529 0.274509803921569 1;0.392156862745098 0.831372549019608 0.0745098039215686;0.0588235294117647 1 1;1 0.0745098039215686 0.650980392156863])),extmgr.Configuration(&apos;Tools&apos;,&apos;Plot Navigation&apos;,true),extmgr.Configuration(&apos;Tools&apos;,&apos;Measurements&apos;,true,&apos;Version&apos;,&apos;2021b&apos;)),&apos;Version&apos;,&apos;2021b&apos;,&apos;Position&apos;,[319 138 994 752],&apos;VisibleAtModelOpen&apos;,&apos;on&apos;)</P>
    <P Name="NumInputPorts">2</P>
    <P Name="Floating">off</P>
  </Block>
  <Block BlockType="SubSystem" Name="Subsystem2" SID="61">
    <P Name="Ports">[0, 1]</P>
    <P Name="Position">[-15, 350, 120, 400]</P>
    <P Name="ZOrder">3064</P>
    <P Name="TreatAsAtomicUnit">on</P>
    <P Name="RequestExecContextInheritance">off</P>
    <P Name="ContentPreviewEnabled">on</P>
    <Port>
      <P Name="PortNumber">1</P>
      <P Name="Name">Prop_rpm_des</P>
    </Port>
    <System Ref="system_61"/>
  </Block>
  <Block BlockType="Sum" Name="Sum" SID="4">
    <P Name="Ports">[2, 1]</P>
    <P Name="Position">[1140, 396, 1160, 429]</P>
    <P Name="ZOrder">41</P>
    <P Name="IconShape">rectangular</P>
  </Block>
  <Block BlockType="Sum" Name="Sum1" SID="74">
    <P Name="Ports">[2, 1]</P>
    <P Name="Position">[180, 440, 200, 460]</P>
    <P Name="ZOrder">3085</P>
    <P Name="Inputs">+|+</P>
  </Block>
  <Block BlockType="SubSystem" Name="Transmission + Prop&#xA;Left" SID="8">
    <P Name="Ports">[2, 1]</P>
    <P Name="Position">[1520, 239, 1645, 301]</P>
    <P Name="ZOrder">46</P>
    <P Name="BackgroundColor">cyan</P>
    <P Name="RequestExecContextInheritance">off</P>
    <P Name="ContentPreviewEnabled">on</P>
    <Mask>
      <Display RunInitForIconRedraw="off"/>
    </Mask>
    <System Ref="system_8"/>
  </Block>
  <Block BlockType="SubSystem" Name="Transmission + Prop&#xA;Right" SID="45">
    <P Name="Ports">[2, 1]</P>
    <P Name="Position">[1520, 539, 1645, 601]</P>
    <P Name="ZOrder">55</P>
    <P Name="BackgroundColor">cyan</P>
    <P Name="RequestExecContextInheritance">off</P>
    <P Name="ContentPreviewEnabled">on</P>
    <Mask>
      <Display RunInitForIconRedraw="off"/>
    </Mask>
    <System Ref="system_45"/>
  </Block>
  <Line>
    <P Name="ZOrder">3</P>
    <P Name="Src">4#out:1</P>
    <P Name="Dst">3#in:1</P>
  </Line>
  <Line>
    <P Name="ZOrder">6</P>
    <P Name="Src">3#out:1</P>
    <P Name="Points">[40, 0]</P>
    <Branch>
      <P Name="ZOrder">78</P>
      <P Name="Points">[0, -110]</P>
      <P Name="Dst">71#in:2</P>
    </Branch>
    <Branch>
      <P Name="ZOrder">74</P>
      <P Name="Points">[0, 115]</P>
      <P Name="Dst">70#in:1</P>
    </Branch>
  </Line>
  <Line>
    <P Name="ZOrder">79</P>
    <P Name="Src">71#out:1</P>
    <P Name="Dst">8#in:2</P>
  </Line>
  <Line>
    <P Name="Name">Prop_rpm</P>
    <P Name="ZOrder">142</P>
    <P Name="Labels">[1, 0]</P>
    <P Name="Src">79#out:1</P>
    <P Name="Points">[77, 0; 0, -177; -432, 0]</P>
    <Branch>
      <P Name="ZOrder">45</P>
      <P Name="Points">[0, 162]</P>
      <P Name="Dst">8#in:1</P>
    </Branch>
    <Branch>
      <P Name="ZOrder">14</P>
      <P Name="Points">[-239, 0]</P>
      <Branch>
        <P Name="ZOrder">122</P>
        <P Name="Points">[-1061, 0]</P>
        <P Name="Dst">74#in:1</P>
      </Branch>
      <Branch>
        <P Name="ZOrder">77</P>
        <P Name="Points">[0, 167]</P>
        <P Name="Dst">71#in:1</P>
      </Branch>
    </Branch>
  </Line>
  <Line>
    <P Name="ZOrder">16</P>
    <P Name="Src">29#out:1</P>
    <P Name="Points">[53, 0; 0, -105]</P>
    <P Name="Dst">72#in:1</P>
  </Line>
  <Line>
    <P Name="ZOrder">76</P>
    <P Name="Src">70#out:1</P>
    <P Name="Dst">45#in:1</P>
  </Line>
  <Line>
    <P Name="Name">Prop_rpm</P>
    <P Name="ZOrder">145</P>
    <P Name="Labels">[1, 1]</P>
    <P Name="Src">85#out:1</P>
    <P Name="Points">[77, 0; 0, 178; -432, 0]</P>
    <Branch>
      <P Name="ZOrder">148</P>
      <P Name="Points">[-244, 0]</P>
      <Branch>
        <P Name="ZOrder">123</P>
        <P Name="Points">[-1056, 0]</P>
        <P Name="Dst">74#in:2</P>
      </Branch>
      <Branch>
        <P Name="ZOrder">75</P>
        <P Name="Points">[0, -173]</P>
        <P Name="Dst">70#in:2</P>
      </Branch>
    </Branch>
    <Branch>
      <P Name="ZOrder">47</P>
      <P Name="Points">[0, -163]</P>
      <P Name="Dst">45#in:2</P>
    </Branch>
  </Line>
  <Line>
    <P Name="ZOrder">44</P>
    <P Name="Src">29#out:2</P>
    <P Name="Points">[53, 0; 0, 75]</P>
    <P Name="Dst">73#in:1</P>
  </Line>
  <Line>
    <P Name="ZOrder">127</P>
    <P Name="Src">75#out:1</P>
    <P Name="Points">[87, 0]</P>
    <Branch>
      <P Name="ZOrder">138</P>
      <P Name="Points">[0, -170]</P>
      <P Name="Dst">78#in:2</P>
    </Branch>
    <Branch>
      <P Name="ZOrder">137</P>
      <P Name="Dst">29#in:4</P>
    </Branch>
  </Line>
  <Line>
    <P Name="Name">Prop_rpm_des</P>
    <P Name="ZOrder">55</P>
    <P Name="Labels">[1, 1]</P>
    <P Name="Src">61#out:1</P>
    <P Name="Dst">60#in:1</P>
  </Line>
  <Line>
    <P Name="ZOrder">56</P>
    <P Name="Src">60#out:1</P>
    <P Name="Points">[27, 0]</P>
    <Branch>
      <P Name="ZOrder">136</P>
      <P Name="Points">[0, -110]</P>
      <P Name="Dst">78#in:1</P>
    </Branch>
    <Branch>
      <P Name="ZOrder">135</P>
      <P Name="Dst">29#in:1</P>
    </Branch>
  </Line>
  <Line>
    <P Name="ZOrder">115</P>
    <P Name="Src">72#out:2</P>
    <P Name="Points">[108, 0; 0, 110]</P>
    <P Name="Dst">4#in:1</P>
  </Line>
  <Line>
    <P Name="ZOrder">116</P>
    <P Name="Src">72#out:1</P>
    <P Name="Points">[19, 0; 0, -66; -538, 0; 0, 206]</P>
    <P Name="Dst">29#in:2</P>
  </Line>
  <Line>
    <P Name="ZOrder">120</P>
    <P Name="Src">73#out:1</P>
    <P Name="Points">[108, 0; 0, -75]</P>
    <P Name="Dst">4#in:2</P>
  </Line>
  <Line>
    <P Name="ZOrder">121</P>
    <P Name="Src">73#out:2</P>
    <P Name="Points">[19, 0; 0, 85; -538, 0; 0, -190]</P>
    <P Name="Dst">29#in:3</P>
  </Line>
  <Line>
    <P Name="ZOrder">126</P>
    <P Name="Src">74#out:1</P>
    <P Name="Dst">75#in:1</P>
  </Line>
  <Line>
    <P Name="ZOrder">139</P>
    <P Name="Src">8#out:1</P>
    <P Name="Dst">79#in:1</P>
  </Line>
  <Line>
    <P Name="ZOrder">143</P>
    <P Name="Src">45#out:1</P>
    <P Name="Dst">85#in:1</P>
  </Line>
</System>
