<?xml version="1.0" encoding="utf-8"?>
<System>
  <P Name="Location">[-8, -8, 1928, 1168]</P>
  <P Name="SystemRect">[0.000000, 0.000000, 0.000000, 0.000000]</P>
  <P Name="SetExecutionDomain">off</P>
  <P Name="ExecutionDomainType">Deduce</P>
  <P Name="ZoomFactor">174</P>
  <P Name="SimulinkSubDomain">Simulink</P>
  <Block BlockType="Inport" Name="dw/dt_prop" SID="80">
    <P Name="Position">[70, 103, 100, 117]</P>
    <P Name="ZOrder">-1</P>
  </Block>
  <Block BlockType="Gain" Name="Gain" SID="81">
    <P Name="Position">[265, 95, 295, 125]</P>
    <P Name="ZOrder">327</P>
    <P Name="Gain">1/9.5493</P>
  </Block>
  <Block BlockType="Integrator" Name="Integrator" SID="82">
    <P Name="Ports">[1, 1]</P>
    <P Name="Position">[185, 95, 215, 125]</P>
    <P Name="ZOrder">325</P>
    <P Name="InitialCondition">w_CE_idle</P>
  </Block>
  <Block BlockType="Saturate" Name="Saturation" SID="83">
    <P Name="Position">[340, 95, 370, 125]</P>
    <P Name="ZOrder">326</P>
    <P Name="UpperLimit">inf</P>
    <P Name="LowerLimit">w_CE_idle</P>
  </Block>
  <Block BlockType="Outport" Name="w_prop_n" SID="84">
    <P Name="Position">[415, 103, 455, 117]</P>
    <P Name="ZOrder">-2</P>
  </Block>
  <Line>
    <P Name="ZOrder">1</P>
    <P Name="Src">80#out:1</P>
    <P Name="Dst">82#in:1</P>
  </Line>
  <Line>
    <P Name="ZOrder">2</P>
    <P Name="Src">82#out:1</P>
    <P Name="Dst">81#in:1</P>
  </Line>
  <Line>
    <P Name="ZOrder">3</P>
    <P Name="Src">83#out:1</P>
    <P Name="Dst">84#in:1</P>
  </Line>
  <Line>
    <P Name="ZOrder">4</P>
    <P Name="Src">81#out:1</P>
    <P Name="Dst">83#in:1</P>
  </Line>
</System>
