<?xml version="1.0" encoding="utf-8"?>
<System>
  <P Name="Location">[-8, -8, 968, 1168]</P>
  <P Name="SystemRect">[0.000000, 0.000000, 0.000000, 0.000000]</P>
  <P Name="Open">on</P>
  <P Name="SetExecutionDomain">off</P>
  <P Name="ExecutionDomainType">Deduce</P>
  <P Name="ZoomFactor">93</P>
  <P Name="SIDHighWatermark">1945</P>
  <P Name="SIDPrevWatermark">1938</P>
  <P Name="SimulinkSubDomain">Simulink</P>
  <Block BlockType="Inport" Name="w_prop" SID="71:363">
    <P Name="Position">[-5, 185, 15, 205]</P>
    <P Name="ZOrder">-1</P>
    <P Name="BackgroundColor">green</P>
  </Block>
  <Block BlockType="Inport" Name="P_drive" SID="71:364">
    <P Name="Position">[-5, 305, 15, 325]</P>
    <P Name="ZOrder">-2</P>
    <P Name="BackgroundColor">green</P>
    <P Name="Port">2</P>
  </Block>
  <Block BlockType="Lookup_n-D" Name="2-D Lookup&#xA;Table" SID="71:1940">
    <P Name="Ports">[1, 1]</P>
    <P Name="Position">[435, 165, 515, 265]</P>
    <P Name="ZOrder">2</P>
    <P Name="InputPortMap">u0</P>
    <P Name="NumberOfTableDimensions">1</P>
    <P Name="BreakpointsForDimension1">motor_eff_HTS.(&apos;%power&apos;)</P>
    <P Name="BreakpointsForDimension2">T_EM_col</P>
    <P Name="Table">motor_eff_HTS.(&apos;eff&apos;)</P>
    <P Name="InterpMethod">Cubic spline</P>
    <P Name="ExtrapMethod">Cubic spline</P>
    <P Name="InternalRulePriority">Speed</P>
    <P Name="RndMeth">Simplest</P>
  </Block>
  <Block BlockType="Lookup2D" Name="Efficiency&#xA;eta = f(w, T)" SID="71:379">
    <P Name="Position">[250, 513, 340, 617]</P>
    <P Name="ZOrder">3</P>
    <P Name="Commented">on</P>
    <P Name="RowIndex">w_EM_row</P>
    <P Name="ColumnIndex">T_EM_col</P>
    <P Name="Table">eta_EM_map</P>
    <P Name="InputSameDT">off</P>
    <P Name="SaturateOnIntegerOverflow">off</P>
  </Block>
  <Block BlockType="Gain" Name="Gain" SID="71:1942">
    <P Name="Position">[215, 300, 245, 330]</P>
    <P Name="ZOrder">4</P>
    <P Name="Gain">1/rated_pow_M*100</P>
  </Block>
  <Block BlockType="Gain" Name="Gain1" SID="71:1945">
    <P Name="Position">[615, 305, 645, 335]</P>
    <P Name="ZOrder">7</P>
    <P Name="Gain">0.01</P>
  </Block>
  <Block BlockType="Product" Name="Product" SID="71:381">
    <P Name="Ports">[2, 1]</P>
    <P Name="Position">[560, 171, 580, 464]</P>
    <P Name="ZOrder">-8</P>
    <P Name="ShowName">off</P>
    <P Name="InputSameDT">on</P>
    <P Name="OutDataTypeStr">Inherit: Same as first input</P>
    <P Name="RndMeth">Zero</P>
    <P Name="SaturateOnIntegerOverflow">on</P>
  </Block>
  <Block BlockType="Scope" Name="Scope" SID="71:1944">
    <P Name="Ports">[1]</P>
    <P Name="Position">[850, 174, 880, 206]</P>
    <P Name="ZOrder">6</P>
    <P Name="ScopeSpecificationString">Simulink.scopes.TimeScopeBlockCfg(&apos;CurrentConfiguration&apos;, extmgr.ConfigurationSet(extmgr.Configuration(&apos;Core&apos;,&apos;General UI&apos;,true),extmgr.Configuration(&apos;Core&apos;,&apos;Source UI&apos;,true),extmgr.Configuration(&apos;Sources&apos;,&apos;WiredSimulink&apos;,true,&apos;DataLoggingVariableName&apos;,&apos;ScopeData2&apos;),extmgr.Configuration(&apos;Visuals&apos;,&apos;Time Domain&apos;,true,&apos;SerializedDisplays&apos;,{struct(&apos;MinYLimReal&apos;,&apos;-141.81467&apos;,&apos;MaxYLimReal&apos;,&apos;1276.33199&apos;,&apos;YLabelReal&apos;,&apos;&apos;,&apos;MinYLimMag&apos;,&apos; 0.00000&apos;,&apos;MaxYLimMag&apos;,&apos;1276.33199&apos;,&apos;LegendVisibility&apos;,&apos;off&apos;,&apos;XGrid&apos;,true,&apos;YGrid&apos;,true,&apos;PlotMagPhase&apos;,false,&apos;AxesColor&apos;,[0 0 0],&apos;AxesTickColor&apos;,[0.686274509803922 0.686274509803922 0.686274509803922],&apos;ColorOrder&apos;,[1 1 0.0666666666666667;0.0745098039215686 0.623529411764706 1;1 0.411764705882353 0.16078431372549;0.392156862745098 0.831372549019608 0.0745098039215686;0.717647058823529 0.274509803921569 1;0.0588235294117647 1 1;1 0.0745098039215686 0.650980392156863],&apos;Title&apos;,&apos;%&lt;SignalLabel&gt;&apos;,&apos;LinePropertiesCache&apos;,{{}},&apos;UserDefinedChannelNames&apos;,{{}},&apos;NumLines&apos;,1,&apos;LineNames&apos;,{{&apos;Gain1&apos;}},&apos;ShowContent&apos;,true,&apos;Placement&apos;,1)},&apos;DisplayPropertyDefaults&apos;,struct(&apos;MinYLimReal&apos;,&apos;-141.81467&apos;,&apos;MaxYLimReal&apos;,&apos;1276.33199&apos;,&apos;YLabelReal&apos;,&apos;&apos;,&apos;MinYLimMag&apos;,&apos; 0.00000&apos;,&apos;MaxYLimMag&apos;,&apos;1276.33199&apos;,&apos;LegendVisibility&apos;,&apos;off&apos;,&apos;XGrid&apos;,true,&apos;YGrid&apos;,true,&apos;PlotMagPhase&apos;,false,&apos;AxesColor&apos;,[0 0 0],&apos;AxesTickColor&apos;,[0.686274509803922 0.686274509803922 0.686274509803922],&apos;ColorOrder&apos;,[0.0745098039215686 0.623529411764706 1;1 0.411764705882353 0.16078431372549;1 1 0.0666666666666667;0.717647058823529 0.274509803921569 1;0.392156862745098 0.831372549019608 0.0745098039215686;0.0588235294117647 1 1;1 0.0745098039215686 0.650980392156863])),extmgr.Configuration(&apos;Tools&apos;,&apos;Plot Navigation&apos;,true),extmgr.Configuration(&apos;Tools&apos;,&apos;Measurements&apos;,true,&apos;Version&apos;,&apos;2021b&apos;)),&apos;Version&apos;,&apos;2021b&apos;,&apos;Position&apos;,[1 41 1920 1083])</P>
    <P Name="NumInputPorts">1</P>
    <P Name="Floating">off</P>
  </Block>
  <Block BlockType="ToWorkspace" Name="To Workspace1" SID="71:382">
    <P Name="Ports">[1]</P>
    <P Name="Position">[310, 185, 350, 205]</P>
    <P Name="ZOrder">-9</P>
    <P Name="BackgroundColor">magenta</P>
    <P Name="NameLocation">top</P>
    <P Name="ShowName">off</P>
    <P Name="VariableName">w_EM_L</P>
    <P Name="MaxDataPoints">inf</P>
    <P Name="Save2DSignal">2-D array (concatenate along first dimension)</P>
    <P Name="SampleTime">-1</P>
  </Block>
  <Block BlockType="ToWorkspace" Name="To Workspace2" SID="71:383">
    <P Name="Ports">[1]</P>
    <P Name="Position">[405, 325, 445, 345]</P>
    <P Name="ZOrder">-10</P>
    <P Name="BackgroundColor">magenta</P>
    <P Name="NameLocation">top</P>
    <P Name="ShowName">off</P>
    <P Name="VariableName">T_EM_L</P>
    <P Name="MaxDataPoints">inf</P>
    <P Name="Save2DSignal">2-D array (concatenate along first dimension)</P>
    <P Name="SampleTime">-1</P>
  </Block>
  <Block BlockType="ToWorkspace" Name="To Workspace5" SID="71:384">
    <P Name="Ports">[1]</P>
    <P Name="Position">[685, 350, 725, 370]</P>
    <P Name="ZOrder">-11</P>
    <P Name="BackgroundColor">magenta</P>
    <P Name="NameLocation">top</P>
    <P Name="ShowName">off</P>
    <P Name="VariableName">P_EM_L</P>
    <P Name="MaxDataPoints">inf</P>
    <P Name="Save2DSignal">2-D array (concatenate along first dimension)</P>
    <P Name="SampleTime">-1</P>
  </Block>
  <Block BlockType="Gain" Name="VFD_eff" SID="71:1943">
    <P Name="Position">[70, 300, 100, 330]</P>
    <P Name="ZOrder">5</P>
    <P Name="Gain">0.96</P>
  </Block>
  <Block BlockType="Outport" Name="P_EM" SID="71:387">
    <P Name="Position">[695, 310, 715, 330]</P>
    <P Name="ZOrder">-14</P>
    <P Name="BackgroundColor">red</P>
    <P Name="InitialOutput">0</P>
  </Block>
  <Line>
    <P Name="ZOrder">1</P>
    <P Name="Src">71:381#out:1</P>
    <P Name="Dst">71:1945#in:1</P>
  </Line>
  <Line>
    <P Name="ZOrder">4</P>
    <P Name="Src">71:364#out:1</P>
    <P Name="Dst">71:1943#in:1</P>
  </Line>
  <Line>
    <P Name="ZOrder">11</P>
    <P Name="Src">71:1940#out:1</P>
    <P Name="Points">[20, 0; 0, 30]</P>
    <P Name="Dst">71:381#in:1</P>
  </Line>
  <Line>
    <P Name="ZOrder">12</P>
    <P Name="Src">71:363#out:1</P>
    <P Name="Dst">71:382#in:1</P>
  </Line>
  <Line>
    <P Name="ZOrder">15</P>
    <P Name="Src">71:1942#out:1</P>
    <P Name="Points">[127, 0]</P>
    <Branch>
      <P Name="ZOrder">6</P>
      <P Name="Points">[0, 20]</P>
      <P Name="Dst">71:383#in:1</P>
    </Branch>
    <Branch>
      <P Name="ZOrder">7</P>
      <P Name="Points">[8, 0; 0, -100]</P>
      <P Name="Dst">71:1940#in:1</P>
    </Branch>
  </Line>
  <Line>
    <P Name="ZOrder">19</P>
    <P Name="Src">71:1943#out:1</P>
    <P Name="Points">[63, 0]</P>
    <Branch>
      <P Name="ZOrder">5</P>
      <P Name="Dst">71:1942#in:1</P>
    </Branch>
    <Branch>
      <P Name="ZOrder">10</P>
      <P Name="Points">[0, 75]</P>
      <P Name="Dst">71:381#in:2</P>
    </Branch>
  </Line>
  <Line>
    <P Name="ZOrder">22</P>
    <P Name="Src">71:1945#out:1</P>
    <P Name="Points">[10, 0]</P>
    <Branch>
      <P Name="ZOrder">21</P>
      <P Name="Points">[0, -130]</P>
      <P Name="Dst">71:1944#in:1</P>
    </Branch>
    <Branch>
      <P Name="ZOrder">2</P>
      <P Name="Points">[0, 40]</P>
      <P Name="Dst">71:384#in:1</P>
    </Branch>
    <Branch>
      <P Name="ZOrder">3</P>
      <P Name="Dst">71:387#in:1</P>
    </Branch>
  </Line>
</System>
