<?xml version="1.0" encoding="utf-8"?>
<System>
  <P Name="Location">[-8, -8, 1928, 1168]</P>
  <P Name="SystemRect">[0.000000, 0.000000, 0.000000, 0.000000]</P>
  <P Name="SetExecutionDomain">off</P>
  <P Name="ExecutionDomainType">Deduce</P>
  <P Name="ZoomFactor">150</P>
  <P Name="SIDHighWatermark">1948</P>
  <P Name="SIDPrevWatermark">1938</P>
  <P Name="SimulinkSubDomain">Simulink</P>
  <Block BlockType="Inport" Name="P_demand" SID="73:343">
    <P Name="Position">[-120, 310, -100, 330]</P>
    <P Name="ZOrder">-2</P>
    <P Name="BackgroundColor">green</P>
  </Block>
  <Block BlockType="Lookup_n-D" Name="1-D Lookup&#xA;Table" SID="73:1942">
    <P Name="Ports">[1, 1]</P>
    <P Name="Position">[165, 193, 230, 257]</P>
    <P Name="ZOrder">3</P>
    <P Name="InputPortMap">u0</P>
    <P Name="NumberOfTableDimensions">1</P>
    <P Name="BreakpointsForDimension1">Gensetdata.(&apos;Power(kW)&apos;)</P>
    <P Name="Table">Gensetdata.(&apos;Bsfc(g/kWh)&apos;)</P>
    <P Name="InterpMethod">Cubic spline</P>
    <P Name="ExtrapMethod">Cubic spline</P>
    <P Name="InternalRulePriority">Speed</P>
    <P Name="RndMeth">Simplest</P>
  </Block>
  <Block BlockType="Gain" Name="Gain" SID="73:1944">
    <P Name="Position">[425, 220, 455, 250]</P>
    <P Name="ZOrder">5</P>
    <P Name="Gain">1/3600</P>
  </Block>
  <Block BlockType="Integrator" Name="Integrator" SID="73:1945">
    <P Name="Ports">[1, 1]</P>
    <P Name="Position">[490, 220, 520, 250]</P>
    <P Name="ZOrder">6</P>
  </Block>
  <Block BlockType="Product" Name="Product" SID="73:1943">
    <P Name="Ports">[2, 1]</P>
    <P Name="Position">[350, 217, 380, 248]</P>
    <P Name="ZOrder">4</P>
  </Block>
  <Block BlockType="Saturate" Name="Saturation" SID="73:1948">
    <P Name="Position">[-20, 305, 10, 335]</P>
    <P Name="ZOrder">9</P>
    <P Name="UpperLimit">2500</P>
    <P Name="LowerLimit">0</P>
  </Block>
  <Block BlockType="ToWorkspace" Name="To Workspace1" SID="73:1947">
    <P Name="Ports">[1]</P>
    <P Name="Position">[585, 270, 625, 290]</P>
    <P Name="ZOrder">8</P>
    <P Name="BackgroundColor">magenta</P>
    <P Name="NameLocation">top</P>
    <P Name="ShowName">off</P>
    <P Name="VariableName">m_EG_R</P>
    <P Name="MaxDataPoints">inf</P>
    <P Name="Save2DSignal">2-D array (concatenate along first dimension)</P>
    <P Name="SampleTime">-1</P>
  </Block>
  <Block BlockType="ToWorkspace" Name="To Workspace5" SID="73:360">
    <P Name="Ports">[1]</P>
    <P Name="Position">[585, 360, 625, 380]</P>
    <P Name="ZOrder">-8</P>
    <P Name="BackgroundColor">magenta</P>
    <P Name="NameLocation">top</P>
    <P Name="ShowName">off</P>
    <P Name="VariableName">P_EG_R</P>
    <P Name="MaxDataPoints">inf</P>
    <P Name="Save2DSignal">2-D array (concatenate along first dimension)</P>
    <P Name="SampleTime">-1</P>
  </Block>
  <Block BlockType="Outport" Name="P_EG" SID="73:361">
    <P Name="Position">[595, 310, 615, 330]</P>
    <P Name="ZOrder">-9</P>
    <P Name="BackgroundColor">red</P>
    <P Name="InitialOutput">0</P>
  </Block>
  <Block BlockType="Outport" Name="m_EG" SID="73:1946">
    <P Name="Position">[595, 225, 615, 245]</P>
    <P Name="ZOrder">7</P>
    <P Name="BackgroundColor">red</P>
    <P Name="Port">2</P>
    <P Name="InitialOutput">0</P>
  </Block>
  <Line>
    <P Name="ZOrder">1</P>
    <P Name="Src">73:1945#out:1</P>
    <P Name="Points">[31, 0]</P>
    <Branch>
      <P Name="ZOrder">2</P>
      <P Name="Dst">73:1946#in:1</P>
    </Branch>
    <Branch>
      <P Name="ZOrder">3</P>
      <P Name="Points">[0, 45]</P>
      <P Name="Dst">73:1947#in:1</P>
    </Branch>
  </Line>
  <Line>
    <P Name="ZOrder">4</P>
    <P Name="Src">73:1944#out:1</P>
    <P Name="Dst">73:1945#in:1</P>
  </Line>
  <Line>
    <P Name="ZOrder">5</P>
    <P Name="Src">73:1943#out:1</P>
    <P Name="Dst">73:1944#in:1</P>
  </Line>
  <Line>
    <P Name="ZOrder">6</P>
    <P Name="Src">73:1942#out:1</P>
    <P Name="Dst">73:1943#in:1</P>
  </Line>
  <Line>
    <P Name="ZOrder">7</P>
    <P Name="Src">73:343#out:1</P>
    <P Name="Dst">73:1948#in:1</P>
  </Line>
  <Line>
    <P Name="ZOrder">14</P>
    <P Name="Src">73:1948#out:1</P>
    <P Name="Points">[59, 0]</P>
    <Branch>
      <P Name="ZOrder">8</P>
      <P Name="Points">[240, 0]</P>
      <Branch>
        <P Name="ZOrder">9</P>
        <P Name="Points">[242, 0]</P>
        <Branch>
          <P Name="ZOrder">10</P>
          <P Name="Dst">73:361#in:1</P>
        </Branch>
        <Branch>
          <P Name="ZOrder">11</P>
          <P Name="Points">[0, 50]</P>
          <P Name="Dst">73:360#in:1</P>
        </Branch>
      </Branch>
      <Branch>
        <P Name="ZOrder">12</P>
        <P Name="Points">[0, -80]</P>
        <P Name="Dst">73:1943#in:2</P>
      </Branch>
    </Branch>
    <Branch>
      <P Name="ZOrder">13</P>
      <P Name="Points">[0, -95]</P>
      <P Name="Dst">73:1942#in:1</P>
    </Branch>
  </Line>
</System>
