<?xml version="1.0" encoding="utf-8"?>
<System>
  <P Name="Location">[-8, -8, 1928, 1168]</P>
  <P Name="SystemRect">[0.000000, 0.000000, 0.000000, 0.000000]</P>
  <P Name="SetExecutionDomain">off</P>
  <P Name="ExecutionDomainType">Deduce</P>
  <P Name="SimulinkSubDomain">Simulink</P>
  <Block BlockType="Inport" Name="w_EM" SID="70:1946">
    <P Name="Position">[15, 38, 45, 52]</P>
    <P Name="ZOrder">-1</P>
    <P Name="BackgroundColor">green</P>
  </Block>
  <Block BlockType="Inport" Name="T_EM" SID="70:1947">
    <P Name="Position">[15, 98, 45, 112]</P>
    <P Name="ZOrder">-2</P>
    <P Name="BackgroundColor">green</P>
    <P Name="Port">2</P>
  </Block>
  <Block BlockType="Abs" Name="Abs" SID="70:1948">
    <P Name="Position">[175, 90, 205, 120]</P>
    <P Name="ZOrder">-3</P>
    <P Name="BackgroundColor">yellow</P>
    <P Name="ShowName">off</P>
  </Block>
  <Block BlockType="Constant" Name="Constant" SID="70:1949">
    <P Name="Position">[20, 179, 100, 201]</P>
    <P Name="ZOrder">-4</P>
    <P Name="BackgroundColor">cyan</P>
    <P Name="ShowName">off</P>
    <P Name="Value">600</P>
  </Block>
  <Block BlockType="Lookup" Name="Maximum torque" SID="70:1950">
    <P Name="Position">[160, 27, 220, 63]</P>
    <P Name="ZOrder">-5</P>
    <P Name="InputValues">w_EM_row</P>
    <P Name="Table">T_EM_max</P>
  </Block>
  <Block BlockType="Saturate" Name="Saturation" SID="70:1951">
    <P Name="Position">[295, 60, 325, 90]</P>
    <P Name="ZOrder">-6</P>
    <P Name="ShowName">off</P>
    <P Name="UpperLimit">0</P>
    <P Name="LowerLimit">-inf</P>
  </Block>
  <Block BlockType="Saturate" Name="Saturation1" SID="70:1952">
    <P Name="Position">[295, 205, 325, 235]</P>
    <P Name="ZOrder">-7</P>
    <P Name="ShowName">off</P>
    <P Name="UpperLimit">0</P>
    <P Name="LowerLimit">-inf</P>
  </Block>
  <Block BlockType="Stop" Name="Stop Simulation" SID="70:1953">
    <P Name="Position">[545, 57, 580, 93]</P>
    <P Name="ZOrder">-8</P>
    <P Name="BackgroundColor">[0.900000, 0.214468, 0.234003]</P>
    <P Name="ShowName">off</P>
  </Block>
  <Block BlockType="Stop" Name="Stop Simulation1" SID="70:1954">
    <P Name="Position">[545, 202, 580, 238]</P>
    <P Name="ZOrder">-9</P>
    <P Name="BackgroundColor">[0.900000, 0.214468, 0.234003]</P>
    <P Name="ShowName">off</P>
  </Block>
  <Block BlockType="Sum" Name="Sum" SID="70:1955">
    <P Name="Ports">[2, 1]</P>
    <P Name="Position">[250, 13, 265, 137]</P>
    <P Name="ZOrder">-10</P>
    <P Name="ShowName">off</P>
    <P Name="IconShape">rectangular</P>
    <P Name="Inputs">+-</P>
    <P Name="InputSameDT">on</P>
    <P Name="OutDataTypeStr">Inherit: Same as first input</P>
    <P Name="SaturateOnIntegerOverflow">on</P>
  </Block>
  <Block BlockType="Sum" Name="Sum1" SID="70:1956">
    <P Name="Ports">[2, 1]</P>
    <P Name="Position">[250, 158, 265, 282]</P>
    <P Name="ZOrder">-11</P>
    <P Name="ShowName">off</P>
    <P Name="IconShape">rectangular</P>
    <P Name="Inputs">+-</P>
    <P Name="InputSameDT">on</P>
    <P Name="OutDataTypeStr">Inherit: Same as first input</P>
    <P Name="SaturateOnIntegerOverflow">on</P>
  </Block>
  <Block BlockType="UnitDelay" Name="Unit Delay" SID="70:1957">
    <P Name="Position">[405, 203, 440, 237]</P>
    <P Name="ZOrder">1</P>
    <P Name="SampleTime">-1</P>
    <P Name="HasFrameUpgradeWarning">on</P>
  </Block>
  <Block BlockType="UnitDelay" Name="Unit Delay1" SID="70:1958">
    <P Name="Position">[405, 58, 440, 92]</P>
    <P Name="ZOrder">2</P>
    <P Name="SampleTime">-1</P>
    <P Name="HasFrameUpgradeWarning">on</P>
  </Block>
  <Line>
    <P Name="ZOrder">1</P>
    <P Name="Src">70:1952#out:1</P>
    <P Name="Dst">70:1957#in:1</P>
  </Line>
  <Line>
    <P Name="ZOrder">2</P>
    <P Name="Src">70:1956#out:1</P>
    <P Name="Dst">70:1952#in:1</P>
  </Line>
  <Line>
    <P Name="ZOrder">3</P>
    <P Name="Src">70:1949#out:1</P>
    <P Name="Dst">70:1956#in:1</P>
  </Line>
  <Line>
    <P Name="ZOrder">4</P>
    <P Name="Src">70:1951#out:1</P>
    <P Name="Dst">70:1958#in:1</P>
  </Line>
  <Line>
    <P Name="ZOrder">5</P>
    <P Name="Src">70:1948#out:1</P>
    <P Name="Dst">70:1955#in:2</P>
  </Line>
  <Line>
    <P Name="ZOrder">6</P>
    <P Name="Src">70:1950#out:1</P>
    <P Name="Dst">70:1955#in:1</P>
  </Line>
  <Line>
    <P Name="ZOrder">7</P>
    <P Name="Src">70:1947#out:1</P>
    <P Name="Dst">70:1948#in:1</P>
  </Line>
  <Line>
    <P Name="ZOrder">8</P>
    <P Name="Src">70:1946#out:1</P>
    <P Name="Points">[70, 0]</P>
    <Branch>
      <P Name="ZOrder">9</P>
      <P Name="Points">[0, 205]</P>
      <P Name="Dst">70:1956#in:2</P>
    </Branch>
    <Branch>
      <P Name="ZOrder">10</P>
      <P Name="Dst">70:1950#in:1</P>
    </Branch>
  </Line>
  <Line>
    <P Name="ZOrder">11</P>
    <P Name="Src">70:1955#out:1</P>
    <P Name="Dst">70:1951#in:1</P>
  </Line>
  <Line>
    <P Name="ZOrder">12</P>
    <P Name="Src">70:1957#out:1</P>
    <P Name="Dst">70:1954#in:1</P>
  </Line>
  <Line>
    <P Name="ZOrder">13</P>
    <P Name="Src">70:1958#out:1</P>
    <P Name="Dst">70:1953#in:1</P>
  </Line>
</System>
