<?xml version="1.0" encoding="utf-8"?>
<System>
  <P Name="Location">[-8, -8, 968, 1168]</P>
  <P Name="SystemRect">[0.000000, 0.000000, 0.000000, 0.000000]</P>
  <P Name="Open">on</P>
  <P Name="SetExecutionDomain">off</P>
  <P Name="ExecutionDomainType">Deduce</P>
  <P Name="ZoomFactor">155</P>
  <P Name="SIDHighWatermark">1950</P>
  <P Name="SIDPrevWatermark">1938</P>
  <P Name="SimulinkSubDomain">Simulink</P>
  <Block BlockType="Inport" Name="P_demand" SID="72:343">
    <P Name="Position">[-125, 310, -105, 330]</P>
    <P Name="ZOrder">-2</P>
    <P Name="BackgroundColor">green</P>
  </Block>
  <Block BlockType="Lookup_n-D" Name="1-D Lookup&#xA;Table" SID="72:1942">
    <P Name="Ports">[1, 1]</P>
    <P Name="Position">[165, 193, 230, 257]</P>
    <P Name="ZOrder">3</P>
    <P Name="InputPortMap">u0</P>
    <P Name="NumberOfTableDimensions">1</P>
    <P Name="BreakpointsForDimension1">Gensetdata.(&apos;Power(kW)&apos;)</P>
    <P Name="Table">Gensetdata.(&apos;Bsfc(g/kWh)&apos;)</P>
    <P Name="InterpMethod">Cubic spline</P>
    <P Name="ExtrapMethod">Cubic spline</P>
    <P Name="InternalRulePriority">Speed</P>
    <P Name="RndMeth">Simplest</P>
  </Block>
  <Block BlockType="Gain" Name="Gain" SID="72:1944">
    <P Name="Position">[425, 220, 455, 250]</P>
    <P Name="ZOrder">5</P>
    <P Name="Gain">1/3600</P>
  </Block>
  <Block BlockType="Integrator" Name="Integrator" SID="72:1945">
    <P Name="Ports">[1, 1]</P>
    <P Name="Position">[490, 220, 520, 250]</P>
    <P Name="ZOrder">6</P>
  </Block>
  <Block BlockType="Product" Name="Product" SID="72:1943">
    <P Name="Ports">[2, 1]</P>
    <P Name="Position">[350, 217, 380, 248]</P>
    <P Name="ZOrder">4</P>
  </Block>
  <Block BlockType="Saturate" Name="Saturation" SID="72:1948">
    <P Name="Position">[-25, 305, 5, 335]</P>
    <P Name="ZOrder">10</P>
    <P Name="UpperLimit">2500</P>
    <P Name="LowerLimit">0</P>
  </Block>
  <Block BlockType="Scope" Name="Scope" SID="72:1949">
    <P Name="Ports">[1]</P>
    <P Name="Position">[265, 364, 295, 396]</P>
    <P Name="ZOrder">11</P>
    <P Name="ScopeSpecificationString">Simulink.scopes.TimeScopeBlockCfg(&apos;CurrentConfiguration&apos;, extmgr.ConfigurationSet(extmgr.Configuration(&apos;Core&apos;,&apos;General UI&apos;,true),extmgr.Configuration(&apos;Core&apos;,&apos;Source UI&apos;,true),extmgr.Configuration(&apos;Sources&apos;,&apos;WiredSimulink&apos;,true,&apos;DataLoggingVariableName&apos;,&apos;ScopeData3&apos;),extmgr.Configuration(&apos;Visuals&apos;,&apos;Time Domain&apos;,true,&apos;SerializedDisplays&apos;,{struct(&apos;MinYLimReal&apos;,&apos;-312.5&apos;,&apos;MaxYLimReal&apos;,&apos;2812.5&apos;,&apos;YLabelReal&apos;,&apos;&apos;,&apos;MinYLimMag&apos;,&apos; 0.00000&apos;,&apos;MaxYLimMag&apos;,&apos;2812.5&apos;,&apos;LegendVisibility&apos;,&apos;off&apos;,&apos;XGrid&apos;,true,&apos;YGrid&apos;,true,&apos;PlotMagPhase&apos;,false,&apos;AxesColor&apos;,[0 0 0],&apos;AxesTickColor&apos;,[0.686274509803922 0.686274509803922 0.686274509803922],&apos;ColorOrder&apos;,[1 1 0.0666666666666667;0.0745098039215686 0.623529411764706 1;1 0.411764705882353 0.16078431372549;0.392156862745098 0.831372549019608 0.0745098039215686;0.717647058823529 0.274509803921569 1;0.0588235294117647 1 1;1 0.0745098039215686 0.650980392156863],&apos;Title&apos;,&apos;%&lt;SignalLabel&gt;&apos;,&apos;LinePropertiesCache&apos;,{{}},&apos;UserDefinedChannelNames&apos;,{{}},&apos;NumLines&apos;,1,&apos;LineNames&apos;,{{&apos;Saturation&apos;}},&apos;ShowContent&apos;,true,&apos;Placement&apos;,1)},&apos;DisplayPropertyDefaults&apos;,struct(&apos;MinYLimReal&apos;,&apos;-312.5&apos;,&apos;MaxYLimReal&apos;,&apos;2812.5&apos;,&apos;YLabelReal&apos;,&apos;&apos;,&apos;MinYLimMag&apos;,&apos; 0.00000&apos;,&apos;MaxYLimMag&apos;,&apos;2812.5&apos;,&apos;LegendVisibility&apos;,&apos;off&apos;,&apos;XGrid&apos;,true,&apos;YGrid&apos;,true,&apos;PlotMagPhase&apos;,false,&apos;AxesColor&apos;,[0 0 0],&apos;AxesTickColor&apos;,[0.686274509803922 0.686274509803922 0.686274509803922],&apos;ColorOrder&apos;,[0.0745098039215686 0.623529411764706 1;1 0.411764705882353 0.16078431372549;1 1 0.0666666666666667;0.717647058823529 0.274509803921569 1;0.392156862745098 0.831372549019608 0.0745098039215686;0.0588235294117647 1 1;1 0.0745098039215686 0.650980392156863])),extmgr.Configuration(&apos;Tools&apos;,&apos;Plot Navigation&apos;,true),extmgr.Configuration(&apos;Tools&apos;,&apos;Measurements&apos;,true,&apos;Version&apos;,&apos;2021b&apos;)),&apos;Version&apos;,&apos;2021b&apos;)</P>
    <P Name="NumInputPorts">1</P>
    <P Name="Floating">off</P>
  </Block>
  <Block BlockType="Scope" Name="Scope1" SID="72:1950">
    <P Name="Ports">[1]</P>
    <P Name="Position">[360, 144, 390, 176]</P>
    <P Name="ZOrder">12</P>
    <P Name="ScopeSpecificationString">Simulink.scopes.TimeScopeBlockCfg(&apos;CurrentConfiguration&apos;, extmgr.ConfigurationSet(extmgr.Configuration(&apos;Core&apos;,&apos;General UI&apos;,true),extmgr.Configuration(&apos;Core&apos;,&apos;Source UI&apos;,true),extmgr.Configuration(&apos;Sources&apos;,&apos;WiredSimulink&apos;,true,&apos;DataLoggingVariableName&apos;,&apos;ScopeData4&apos;),extmgr.Configuration(&apos;Visuals&apos;,&apos;Time Domain&apos;,true,&apos;SerializedDisplays&apos;,{struct(&apos;MinYLimReal&apos;,&apos;193.77894&apos;,&apos;MaxYLimReal&apos;,&apos;287.63604&apos;,&apos;YLabelReal&apos;,&apos;&apos;,&apos;MinYLimMag&apos;,&apos;193.77894&apos;,&apos;MaxYLimMag&apos;,&apos;287.63604&apos;,&apos;LegendVisibility&apos;,&apos;off&apos;,&apos;XGrid&apos;,true,&apos;YGrid&apos;,true,&apos;PlotMagPhase&apos;,false,&apos;AxesColor&apos;,[0 0 0],&apos;AxesTickColor&apos;,[0.686274509803922 0.686274509803922 0.686274509803922],&apos;ColorOrder&apos;,[1 1 0.0666666666666667;0.0745098039215686 0.623529411764706 1;1 0.411764705882353 0.16078431372549;0.392156862745098 0.831372549019608 0.0745098039215686;0.717647058823529 0.274509803921569 1;0.0588235294117647 1 1;1 0.0745098039215686 0.650980392156863],&apos;Title&apos;,&apos;%&lt;SignalLabel&gt;&apos;,&apos;LinePropertiesCache&apos;,{{}},&apos;UserDefinedChannelNames&apos;,{{}},&apos;NumLines&apos;,1,&apos;LineNames&apos;,{{&apos;1-D Lookup Table&apos;}},&apos;ShowContent&apos;,true,&apos;Placement&apos;,1)},&apos;DisplayPropertyDefaults&apos;,struct(&apos;MinYLimReal&apos;,&apos;193.77894&apos;,&apos;MaxYLimReal&apos;,&apos;287.63604&apos;,&apos;YLabelReal&apos;,&apos;&apos;,&apos;MinYLimMag&apos;,&apos;193.77894&apos;,&apos;MaxYLimMag&apos;,&apos;287.63604&apos;,&apos;LegendVisibility&apos;,&apos;off&apos;,&apos;XGrid&apos;,true,&apos;YGrid&apos;,true,&apos;PlotMagPhase&apos;,false,&apos;AxesColor&apos;,[0 0 0],&apos;AxesTickColor&apos;,[0.686274509803922 0.686274509803922 0.686274509803922],&apos;ColorOrder&apos;,[0.0745098039215686 0.623529411764706 1;1 0.411764705882353 0.16078431372549;1 1 0.0666666666666667;0.717647058823529 0.274509803921569 1;0.392156862745098 0.831372549019608 0.0745098039215686;0.0588235294117647 1 1;1 0.0745098039215686 0.650980392156863])),extmgr.Configuration(&apos;Tools&apos;,&apos;Plot Navigation&apos;,true),extmgr.Configuration(&apos;Tools&apos;,&apos;Measurements&apos;,true,&apos;Version&apos;,&apos;2021b&apos;)),&apos;Version&apos;,&apos;2021b&apos;)</P>
    <P Name="NumInputPorts">1</P>
    <P Name="Floating">off</P>
  </Block>
  <Block BlockType="ToWorkspace" Name="To Workspace1" SID="72:1947">
    <P Name="Ports">[1]</P>
    <P Name="Position">[585, 270, 625, 290]</P>
    <P Name="ZOrder">8</P>
    <P Name="BackgroundColor">magenta</P>
    <P Name="NameLocation">top</P>
    <P Name="ShowName">off</P>
    <P Name="VariableName">m_EG_L</P>
    <P Name="MaxDataPoints">inf</P>
    <P Name="Save2DSignal">2-D array (concatenate along first dimension)</P>
    <P Name="SampleTime">-1</P>
  </Block>
  <Block BlockType="ToWorkspace" Name="To Workspace5" SID="72:360">
    <P Name="Ports">[1]</P>
    <P Name="Position">[585, 360, 625, 380]</P>
    <P Name="ZOrder">-8</P>
    <P Name="BackgroundColor">magenta</P>
    <P Name="NameLocation">top</P>
    <P Name="ShowName">off</P>
    <P Name="VariableName">P_EG_L</P>
    <P Name="MaxDataPoints">inf</P>
    <P Name="Save2DSignal">2-D array (concatenate along first dimension)</P>
    <P Name="SampleTime">-1</P>
  </Block>
  <Block BlockType="Outport" Name="m_EG" SID="72:1946">
    <P Name="Position">[595, 225, 615, 245]</P>
    <P Name="ZOrder">7</P>
    <P Name="BackgroundColor">red</P>
    <P Name="InitialOutput">0</P>
  </Block>
  <Block BlockType="Outport" Name="P_EG" SID="72:361">
    <P Name="Position">[595, 310, 615, 330]</P>
    <P Name="ZOrder">-9</P>
    <P Name="BackgroundColor">red</P>
    <P Name="Port">2</P>
    <P Name="InitialOutput">0</P>
  </Block>
  <Line>
    <P Name="ZOrder">1</P>
    <P Name="Src">72:1945#out:1</P>
    <P Name="Points">[31, 0]</P>
    <Branch>
      <P Name="ZOrder">2</P>
      <P Name="Dst">72:1946#in:1</P>
    </Branch>
    <Branch>
      <P Name="ZOrder">3</P>
      <P Name="Points">[0, 45]</P>
      <P Name="Dst">72:1947#in:1</P>
    </Branch>
  </Line>
  <Line>
    <P Name="ZOrder">4</P>
    <P Name="Src">72:1944#out:1</P>
    <P Name="Dst">72:1945#in:1</P>
  </Line>
  <Line>
    <P Name="ZOrder">5</P>
    <P Name="Src">72:1943#out:1</P>
    <P Name="Dst">72:1944#in:1</P>
  </Line>
  <Line>
    <P Name="ZOrder">6</P>
    <P Name="Src">72:1942#out:1</P>
    <P Name="Points">[42, 0]</P>
    <Branch>
      <P Name="ZOrder">18</P>
      <P Name="Points">[0, -65]</P>
      <P Name="Dst">72:1950#in:1</P>
    </Branch>
    <Branch>
      <P Name="ZOrder">17</P>
      <P Name="Dst">72:1943#in:1</P>
    </Branch>
  </Line>
  <Line>
    <P Name="ZOrder">7</P>
    <P Name="Src">72:343#out:1</P>
    <P Name="Dst">72:1948#in:1</P>
  </Line>
  <Line>
    <P Name="ZOrder">14</P>
    <P Name="Src">72:1948#out:1</P>
    <P Name="Points">[64, 0]</P>
    <Branch>
      <P Name="ZOrder">8</P>
      <P Name="Points">[156, 0]</P>
      <Branch>
        <P Name="ZOrder">16</P>
        <P Name="Points">[0, 60]</P>
        <P Name="Dst">72:1949#in:1</P>
      </Branch>
      <Branch>
        <P Name="ZOrder">15</P>
        <P Name="Points">[84, 0]</P>
        <Branch>
          <P Name="ZOrder">9</P>
          <P Name="Points">[242, 0]</P>
          <Branch>
            <P Name="ZOrder">10</P>
            <P Name="Dst">72:361#in:1</P>
          </Branch>
          <Branch>
            <P Name="ZOrder">11</P>
            <P Name="Points">[0, 50]</P>
            <P Name="Dst">72:360#in:1</P>
          </Branch>
        </Branch>
        <Branch>
          <P Name="ZOrder">12</P>
          <P Name="Points">[0, -80]</P>
          <P Name="Dst">72:1943#in:2</P>
        </Branch>
      </Branch>
    </Branch>
    <Branch>
      <P Name="ZOrder">13</P>
      <P Name="Points">[0, -95]</P>
      <P Name="Dst">72:1942#in:1</P>
    </Branch>
  </Line>
</System>
