<?xml version="1.0" encoding="utf-8"?>
<System>
  <P Name="Location">[-8, -8, 1928, 1168]</P>
  <P Name="SystemRect">[0.000000, 0.000000, 0.000000, 0.000000]</P>
  <P Name="SetExecutionDomain">off</P>
  <P Name="ExecutionDomainType">Deduce</P>
  <P Name="ZoomFactor">175</P>
  <P Name="SIDHighWatermark">1961</P>
  <P Name="SIDPrevWatermark">1938</P>
  <P Name="SimulinkSubDomain">Simulink</P>
  <Block BlockType="Inport" Name="RPM_des" SID="29:29">
    <P Name="Position">[35, 63, 65, 77]</P>
    <P Name="ZOrder">-1</P>
    <P Name="BackgroundColor">green</P>
  </Block>
  <Block BlockType="Inport" Name="mf_GE_L" SID="29:1948">
    <P Name="Position">[35, 168, 65, 182]</P>
    <P Name="ZOrder">315</P>
    <P Name="Port">2</P>
  </Block>
  <Block BlockType="Inport" Name="mf_GE_R" SID="29:1950">
    <P Name="Position">[35, 228, 65, 242]</P>
    <P Name="ZOrder">317</P>
    <P Name="Port">3</P>
  </Block>
  <Block BlockType="Inport" Name="Current Speed (rpm)" SID="29:30">
    <P Name="Position">[35, 108, 65, 122]</P>
    <P Name="ZOrder">-2</P>
    <P Name="BackgroundColor">green</P>
    <P Name="Port">4</P>
  </Block>
  <Block BlockType="SubSystem" Name="MATLAB Function" SID="29:1961">
    <P Name="Ports">[1, 2]</P>
    <P Name="Position">[320, 69, 390, 116]</P>
    <P Name="ZOrder">3073</P>
    <P Name="ErrorFcn">Stateflow.Translate.translate</P>
    <P Name="PermitHierarchicalResolution">ExplicitOnly</P>
    <P Name="TreatAsAtomicUnit">on</P>
    <P Name="RequestExecContextInheritance">off</P>
    <P Name="SFBlockType">MATLAB Function</P>
    <P Name="ContentPreviewEnabled">on</P>
    <System Ref="system_29_1961"/>
  </Block>
  <Block BlockType="Reference" Name="PID Controller2" SID="29:1953">
    <P Name="Ports">[1, 1]</P>
    <P Name="Position">[180, 77, 220, 113]</P>
    <P Name="ZOrder">3065</P>
    <P Name="LibraryVersion">3.1</P>
    <P Name="SourceBlock">slpidlib/PID Controller</P>
    <P Name="SourceType">PID 1dof</P>
    <P Name="SourceProductBaseCode">SL</P>
    <InstanceData>
      <P Name="RTWMemSecFuncInitTerm">Inherit from model</P>
      <P Name="RTWMemSecFuncExecute">Inherit from model</P>
      <P Name="RTWMemSecDataConstants">Inherit from model</P>
      <P Name="RTWMemSecDataInternal">Inherit from model</P>
      <P Name="RTWMemSecDataParameters">Inherit from model</P>
      <P Name="ContentPreviewEnabled">on</P>
      <P Name="Controller">PI</P>
      <P Name="Form">Parallel</P>
      <P Name="TimeDomain">Continuous-time</P>
      <P Name="UseExternalTs">off</P>
      <P Name="SampleTime">-1</P>
      <P Name="IntegratorMethod">Forward Euler</P>
      <P Name="FilterMethod">Forward Euler</P>
      <P Name="ControllerParametersSource">internal</P>
      <P Name="P">0.408569070042623</P>
      <P Name="I">0.0614231998604096</P>
      <P Name="D">0.13961986597848</P>
      <P Name="UseFilter">on</P>
      <P Name="N">2.64189049403583</P>
      <P Name="TunerSelectOption">Transfer Function Based (PID Tuner App)</P>
      <P Name="ZeroCross">on</P>
      <P Name="InitialConditionSource">internal</P>
      <P Name="InitialConditionForIntegrator">0</P>
      <P Name="InitialConditionForFilter">0</P>
      <P Name="DifferentiatorICPrevScaledInput">0</P>
      <P Name="ExternalReset">none</P>
      <P Name="IgnoreLimit">off</P>
      <P Name="TrackingMode">off</P>
      <P Name="Kt">1</P>
      <P Name="LimitOutput">on</P>
      <P Name="SatLimitsSource">internal</P>
      <P Name="UpperSaturationLimit">inf</P>
      <P Name="LowerSaturationLimit">0</P>
      <P Name="LinearizeAsGain">off</P>
      <P Name="AntiWindupMode">none</P>
      <P Name="Kb">1</P>
      <P Name="RndMeth">Floor</P>
      <P Name="SaturateOnIntegerOverflow">off</P>
      <P Name="LockScale">off</P>
      <P Name="PGainOutDataTypeStr">Inherit: Inherit via internal rule</P>
      <P Name="PProdOutDataTypeStr">Inherit: Inherit via internal rule</P>
      <P Name="POutMin">[]</P>
      <P Name="POutMax">[]</P>
      <P Name="IGainOutDataTypeStr">Inherit: Inherit via internal rule</P>
      <P Name="IProdOutDataTypeStr">Inherit: Inherit via internal rule</P>
      <P Name="IOutMin">[]</P>
      <P Name="IOutMax">[]</P>
      <P Name="DGainOutDataTypeStr">Inherit: Inherit via internal rule</P>
      <P Name="DProdOutDataTypeStr">Inherit: Inherit via internal rule</P>
      <P Name="DOutMin">[]</P>
      <P Name="DOutMax">[]</P>
      <P Name="NGainOutDataTypeStr">Inherit: Inherit via internal rule</P>
      <P Name="NProdOutDataTypeStr">Inherit: Inherit via internal rule</P>
      <P Name="NOutMin">[]</P>
      <P Name="NOutMax">[]</P>
      <P Name="SumOutDataTypeStr">Inherit: Inherit via internal rule</P>
      <P Name="SumOutMin">[]</P>
      <P Name="SumOutMax">[]</P>
      <P Name="SaturationOutDataTypeStr">Inherit: Same as input</P>
      <P Name="SaturationOutMin">[]</P>
      <P Name="SaturationOutMax">[]</P>
      <P Name="PParamDataTypeStr">Inherit: Inherit via internal rule</P>
      <P Name="PParamMin">[]</P>
      <P Name="PParamMax">[]</P>
      <P Name="IParamDataTypeStr">Inherit: Inherit via internal rule</P>
      <P Name="IParamMin">[]</P>
      <P Name="IParamMax">[]</P>
      <P Name="DParamDataTypeStr">Inherit: Inherit via internal rule</P>
      <P Name="DParamMin">[]</P>
      <P Name="DParamMax">[]</P>
      <P Name="NParamDataTypeStr">Inherit: Inherit via internal rule</P>
      <P Name="NParamMin">[]</P>
      <P Name="NParamMax">[]</P>
      <P Name="KbParamDataTypeStr">Inherit: Inherit via internal rule</P>
      <P Name="KbParamMin">[]</P>
      <P Name="KbParamMax">[]</P>
      <P Name="KtParamDataTypeStr">Inherit: Inherit via internal rule</P>
      <P Name="KtParamMin">[]</P>
      <P Name="KtParamMax">[]</P>
      <P Name="KbOutDataTypeStr">Inherit: Inherit via internal rule</P>
      <P Name="KbOutMin">[]</P>
      <P Name="KbOutMax">[]</P>
      <P Name="KtOutDataTypeStr">Inherit: Inherit via internal rule</P>
      <P Name="KtOutMin">[]</P>
      <P Name="KtOutMax">[]</P>
      <P Name="IntegratorOutDataTypeStr">Inherit: Inherit via internal rule</P>
      <P Name="IntegratorOutMin">[]</P>
      <P Name="IntegratorOutMax">[]</P>
      <P Name="FilterOutDataTypeStr">Inherit: Inherit via internal rule</P>
      <P Name="FilterOutMin">[]</P>
      <P Name="FilterOutMax">[]</P>
      <P Name="SumI1OutDataTypeStr">Inherit: Inherit via internal rule</P>
      <P Name="SumI1OutMin">[]</P>
      <P Name="SumI1OutMax">[]</P>
      <P Name="SumI2OutDataTypeStr">Inherit: Inherit via internal rule</P>
      <P Name="SumI2OutMin">[]</P>
      <P Name="SumI2OutMax">[]</P>
      <P Name="SumI3OutDataTypeStr">Inherit: Inherit via internal rule</P>
      <P Name="SumI3OutMin">[]</P>
      <P Name="SumI3OutMax">[]</P>
      <P Name="SumI4OutDataTypeStr">Inherit: Inherit via internal rule</P>
      <P Name="SumI4OutMin">[]</P>
      <P Name="SumI4OutMax">[]</P>
      <P Name="SumDOutDataTypeStr">Inherit: Inherit via internal rule</P>
      <P Name="SumDOutMin">[]</P>
      <P Name="SumDOutMax">[]</P>
      <P Name="SumAccumDataTypeStr">Inherit: Inherit via internal rule</P>
      <P Name="SumI1AccumDataTypeStr">Inherit: Inherit via internal rule</P>
      <P Name="SumI2AccumDataTypeStr">Inherit: Inherit via internal rule</P>
      <P Name="SumI3AccumDataTypeStr">Inherit: Inherit via internal rule</P>
      <P Name="SumI4AccumDataTypeStr">Inherit: Inherit via internal rule</P>
      <P Name="SumDAccumDataTypeStr">Inherit: Inherit via internal rule</P>
      <P Name="DifferentiatorOutDataTypeStr">Inherit: Inherit via internal rule</P>
      <P Name="DifferentiatorOutMin">[]</P>
      <P Name="DifferentiatorOutMax">[]</P>
      <P Name="FilterDiffNumProductOutputDataTypeStr">Inherit: Inherit via internal rule</P>
      <P Name="FilterDiffDenProductOutputDataTypeStr">Inherit: Inherit via internal rule</P>
      <P Name="FilterDiffNumAccumDataTypeStr">Inherit: Inherit via internal rule</P>
      <P Name="FilterDiffDenAccumDataTypeStr">Inherit: Inherit via internal rule</P>
      <P Name="FilterDiffOutCoefDataTypeStr">Inherit: Inherit via internal rule</P>
      <P Name="FilterDiffOutCoefMin">[]</P>
      <P Name="FilterDiffOutCoefMax">[]</P>
      <P Name="ReciprocalOutDataTypeStr">Inherit: Inherit via internal rule</P>
      <P Name="ReciprocalOutMin">[]</P>
      <P Name="ReciprocalOutMax">[]</P>
      <P Name="SumDenOutDataTypeStr">Inherit: Inherit via internal rule</P>
      <P Name="SumDenOutMin">[]</P>
      <P Name="SumDenOutMax">[]</P>
      <P Name="SumNumOutDataTypeStr">Inherit: Inherit via internal rule</P>
      <P Name="SumNumOutMin">[]</P>
      <P Name="SumNumOutMax">[]</P>
      <P Name="SumDenAccumDataTypeStr">Inherit: Inherit via internal rule</P>
      <P Name="SumNumAccumDataTypeStr">Inherit: Inherit via internal rule</P>
      <P Name="DivideOutDataTypeStr">Inherit: Inherit via internal rule</P>
      <P Name="DivideOutMin">[]</P>
      <P Name="DivideOutMax">[]</P>
      <P Name="UdiffTsProdOutDataTypeStr">Inherit: Inherit via internal rule</P>
      <P Name="UdiffTsProdOutMin">[]</P>
      <P Name="UdiffTsProdOutMax">[]</P>
      <P Name="NTsProdOutDataTypeStr">Inherit: Inherit via internal rule</P>
      <P Name="NTsProdOutMin">[]</P>
      <P Name="NTsProdOutMax">[]</P>
      <P Name="UintegralTsProdOutDataTypeStr">Inherit: Inherit via internal rule</P>
      <P Name="UintegralTsProdOutMin">[]</P>
      <P Name="UintegralTsProdOutMax">[]</P>
      <P Name="UngainTsProdOutDataTypeStr">Inherit: Inherit via internal rule</P>
      <P Name="UngainTsProdOutMin">[]</P>
      <P Name="UngainTsProdOutMax">[]</P>
      <P Name="IntegratorContinuousStateAttributes">&apos;&apos;</P>
      <P Name="IntegratorStateMustResolveToSignalObject">off</P>
      <P Name="IntegratorRTWStateStorageClass">Auto</P>
      <P Name="FilterContinuousStateAttributes">&apos;&apos;</P>
      <P Name="FilterStateMustResolveToSignalObject">off</P>
      <P Name="FilterRTWStateStorageClass">Auto</P>
      <P Name="ParallelPVariant">InternalParameters</P>
      <P Name="IdealPVariant">Disabled</P>
      <P Name="IVariant">InternalParameters</P>
      <P Name="DVariant">Disabled</P>
      <P Name="IntegratorVariant">Continuous</P>
      <P Name="SatVariant">Enabled</P>
      <P Name="AWVariant">Passthrough</P>
      <P Name="PCopyVariant">Disabled</P>
      <P Name="TRVariant">Disabled</P>
      <P Name="FdbkBlocksVariant">Forward</P>
      <P Name="IdealPFdbkVariant">Disabled</P>
      <P Name="SatFdbkVariant">Disabled</P>
      <P Name="DerivativeFilterVariant">Disabled</P>
      <P Name="NVariant">Disabled</P>
      <P Name="NCopyVariant">Disabled_SignalSpec</P>
      <P Name="FilterICVariant">Disabled</P>
      <P Name="IntegratorICVariant">InternalICs</P>
      <P Name="ExternalResetVariant">Disabled</P>
      <P Name="TRSumVariant">Passthrough</P>
      <P Name="SumFdbkVariant">Disabled</P>
      <P Name="SumVariant">Sum_PI</P>
      <P Name="TsampFilterVariant">InternalTs</P>
      <P Name="TsampNgainVariant">Passthrough</P>
      <P Name="TsampIntegralVariant">Passthrough</P>
      <P Name="ExternalSaturationOutDataTypeStr">Inherit: Same as second input</P>
      <P Name="InitialConditionSetting">Auto</P>
    </InstanceData>
  </Block>
  <Block BlockType="Saturate" Name="Saturation" SID="29:1958">
    <P Name="Position">[255, 80, 285, 110]</P>
    <P Name="ZOrder">3070</P>
    <P Name="UpperLimit">4172</P>
    <P Name="LowerLimit">0</P>
  </Block>
  <Block BlockType="Sum" Name="Subtract" SID="29:1944">
    <P Name="Ports">[2, 1]</P>
    <P Name="Position">[120, 77, 150, 108]</P>
    <P Name="ZOrder">311</P>
    <P Name="IconShape">rectangular</P>
    <P Name="Inputs">+-</P>
  </Block>
  <Block BlockType="Sum" Name="Sum" SID="29:1959">
    <P Name="Ports">[2, 1]</P>
    <P Name="Position">[210, 190, 240, 220]</P>
    <P Name="ZOrder">3071</P>
    <P Name="Inputs">|+|+|</P>
  </Block>
  <Block BlockType="ToWorkspace" Name="To Workspace" SID="29:1960">
    <P Name="Ports">[1]</P>
    <P Name="Position">[310, 190, 400, 220]</P>
    <P Name="ZOrder">3072</P>
    <P Name="VariableName">m_fuel</P>
    <P Name="MaxDataPoints">inf</P>
    <P Name="Save2DSignal">2-D array (concatenate along first dimension)</P>
    <P Name="FixptAsFi">on</P>
    <P Name="SampleTime">-1</P>
  </Block>
  <Block BlockType="Outport" Name="Pd_GE_L" SID="29:35">
    <P Name="Position">[525, 23, 555, 37]</P>
    <P Name="ZOrder">-7</P>
    <P Name="BackgroundColor">red</P>
    <P Name="InitialOutput">0</P>
  </Block>
  <Block BlockType="Outport" Name="Pd_GE_R" SID="29:1945">
    <P Name="Position">[525, 133, 555, 147]</P>
    <P Name="ZOrder">312</P>
    <P Name="BackgroundColor">red</P>
    <P Name="Port">2</P>
    <P Name="InitialOutput">0</P>
  </Block>
  <Line>
    <P Name="ZOrder">1</P>
    <P Name="Src">29:30#out:1</P>
    <P Name="Points">[18, 0; 0, -15]</P>
    <P Name="Dst">29:1944#in:2</P>
  </Line>
  <Line>
    <P Name="ZOrder">2</P>
    <P Name="Src">29:29#out:1</P>
    <P Name="Points">[18, 0; 0, 15]</P>
    <P Name="Dst">29:1944#in:1</P>
  </Line>
  <Line>
    <P Name="ZOrder">9</P>
    <P Name="Src">29:1944#out:1</P>
    <P Name="Dst">29:1953#in:1</P>
  </Line>
  <Line>
    <P Name="ZOrder">21</P>
    <P Name="Src">29:1948#out:1</P>
    <P Name="Points">[134, 0]</P>
    <P Name="Dst">29:1959#in:1</P>
  </Line>
  <Line>
    <P Name="ZOrder">22</P>
    <P Name="Src">29:1950#out:1</P>
    <P Name="Points">[134, 0]</P>
    <P Name="Dst">29:1959#in:2</P>
  </Line>
  <Line>
    <P Name="ZOrder">19</P>
    <P Name="Src">29:1953#out:1</P>
    <P Name="Dst">29:1958#in:1</P>
  </Line>
  <Line>
    <P Name="ZOrder">24</P>
    <P Name="Src">29:1958#out:1</P>
    <P Name="Dst">29:1961#in:1</P>
  </Line>
  <Line>
    <P Name="ZOrder">23</P>
    <P Name="Src">29:1959#out:1</P>
    <P Name="Dst">29:1960#in:1</P>
  </Line>
  <Line>
    <P Name="ZOrder">28</P>
    <P Name="Src">29:1961#out:2</P>
    <P Name="Points">[63, 0; 0, 35]</P>
    <P Name="Dst">29:1945#in:1</P>
  </Line>
  <Line>
    <P Name="ZOrder">29</P>
    <P Name="Src">29:1961#out:1</P>
    <P Name="Points">[61, 0; 0, -50]</P>
    <P Name="Dst">29:35#in:1</P>
  </Line>
  <Annotation SID="29:1751">
    <P Name="Name">Control Unit: custom designed</P>
    <P Name="Position">[136, 7, 271, 21]</P>
    <P Name="InternalMargins">[0, 0, 0, 0]</P>
    <P Name="HorizontalAlignment">center</P>
    <P Name="VerticalAlignment">middle</P>
    <P Name="ZOrder">-1</P>
  </Annotation>
</System>
