<?xml version="1.0" encoding="UTF-8"?>
<sltp_editor version="1.1" packageUris="http://schema.mathworks.com/mf0/DiagramEditor/R2019a_20181107 http://schema.mathworks.com/mf0/SltpSyntax/R2020b_202007092240">
  <sltp.mm.syntax.Context type="sltp.mm.syntax.Context" uuid="ca75a3b9-166a-4c06-96c0-b1ca29747c73">
    <rootGraph type="sltp.mm.syntax.Graph" uuid="9d6ad5d9-9358-465d-9436-18edc3385aee">
      <children type="sltp.mm.syntax.Node" uuid="2e5c8be2-b372-4743-aea6-817d8b1885c7">
        <priority>40</priority>
        <rates type="sltp.mm.syntax.RateData">
          <color>#000000</color>
          <hasBlocks>true</hasBlocks>
          <rate>0</rate>
          <title>Cont</title>
        </rates>
        <title>Cont</title>
        <type>base</type>
        <diagramElement type="diagram.editor.model.Entity" uuid="70d0c7c3-8898-4c1a-b0f7-dcd0df55fad2"/>
        <subgraph type="sltp.mm.syntax.Graph" uuid="5a26d3e2-c604-4d00-9058-8310bf7a61ce">
          <title>Cont</title>
          <diagramElement type="diagram.editor.model.Diagram" uuid="768696cf-ef3b-4796-8f03-13c082e891da"/>
        </subgraph>
      </children>
      <title>Default</title>
      <diagramElement type="diagram.editor.model.Diagram" uuid="7046de32-678c-445f-8b12-bc9814811d25"/>
    </rootGraph>
  </sltp.mm.syntax.Context>
  <diagram.editor.model.Diagram type="diagram.editor.model.Diagram" uuid="7046de32-678c-445f-8b12-bc9814811d25">
    <entities type="diagram.editor.model.Entity" uuid="70d0c7c3-8898-4c1a-b0f7-dcd0df55fad2">
      <position>0,0</position>
      <size>0,0,0,0</size>
      <syntaxElement type="sltp.mm.syntax.Node" uuid="2e5c8be2-b372-4743-aea6-817d8b1885c7"/>
      <title>Cont</title>
      <type>base</type>
      <subDiagram type="diagram.editor.model.Diagram" uuid="768696cf-ef3b-4796-8f03-13c082e891da">
        <position>0,0</position>
        <syntaxElement type="sltp.mm.syntax.Graph" uuid="5a26d3e2-c604-4d00-9058-8310bf7a61ce"/>
        <title>Cont</title>
        <type>graph.Graph</type>
      </subDiagram>
    </entities>
    <syntaxElement type="sltp.mm.syntax.Graph" uuid="9d6ad5d9-9358-465d-9436-18edc3385aee"/>
    <title>Default</title>
    <type>graph.Graph</type>
  </diagram.editor.model.Diagram>
</sltp_editor>