<?xml version="1.0" encoding="UTF-8"?>
<sltp_graph version="1.1" packageUris="http://schema.mathworks.com/mf0/sltp_mm/R2021a_202009111111">
  <sltp.mm.core.Context type="sltp.mm.core.Context" uuid="e23a117b-b14c-44b3-8cfc-124c972377f9">
    <priorityDirection>HighNumberLast</priorityDirection>
    <editorState type="sltp.mm.core.EditorState" uuid="3429ef35-ff8f-40e9-9e53-88ef0319603d">
      <isSynchronized>true</isSynchronized>
      <panelState type="sltp.mm.core.EditorPanelState" uuid="4d0a93cc-e9a0-4489-8f2d-c729ee71b0ac"/>
    </editorState>
    <rootTask type="sltp.mm.core.Task" uuid="b42c3117-300b-4df2-9c77-5908aecb7d28">
      <context type="sltp.mm.core.Context" uuid="e23a117b-b14c-44b3-8cfc-124c972377f9"/>
      <explicit>false</explicit>
      <name>Default</name>
      <priority>-2147483648</priority>
      <subgraph type="sltp.mm.core.Graph" uuid="2cfb5de5-6252-4b2c-bcd5-24ce141afd73">
        <tasks type="sltp.mm.core.Task" uuid="86b23e60-f531-4a41-8ecb-2dc90f69b3a2">
          <baseTask>true</baseTask>
          <context type="sltp.mm.core.Context" uuid="e23a117b-b14c-44b3-8cfc-124c972377f9"/>
          <explicit>false</explicit>
          <id>1</id>
          <isTimed>true</isTimed>
          <name>Cont</name>
          <priority>40</priority>
          <rates type="sltp.mm.core.Rate" uuid="0c1378de-d7b0-4cff-a418-5cf0e413c50c">
            <annotation>Cont</annotation>
            <color>255</color>
            <hasBlocks>true</hasBlocks>
            <identifier>Continuous00</identifier>
            <rateSpec type="sltp.mm.core.RateSpec">
              <period>0.0</period>
            </rateSpec>
            <sti>0</sti>
          </rates>
        </tasks>
      </subgraph>
    </rootTask>
  </sltp.mm.core.Context>
</sltp_graph>