<?xml version="1.0" encoding="utf-8"?>
<Stateflow>
  <machine id="7">
    <P Name="sfVersion">80000046</P>
    <Children>
      <target id="32" name="sfun">
        <P Name="description">Default Simulink S-Function Target.</P>
      </target>
      <chart Ref="chart_8"/>
      <chart Ref="chart_16"/>
      <chart Ref="chart_24"/>
    </Children>
  </machine>
  <instance id="15">
    <P Name="machine">7</P>
    <P Name="name">Combustion Engine
Left/MATLAB Function1</P>
    <P Name="chart">8</P>
  </instance>
  <instance id="23">
    <P Name="machine">7</P>
    <P Name="name">Control Unit
(empty template)/Distribute Power</P>
    <P Name="chart">16</P>
  </instance>
  <instance id="31">
    <P Name="machine">7</P>
    <P Name="name">Combustion Engine
Right/MATLAB Function1</P>
    <P Name="chart">24</P>
  </instance>
</Stateflow>
