<?xml version="1.0" encoding="utf-8"?>
<System>
  <P Name="Location">[953, 0, 1927, 1167]</P>
  <P Name="SystemRect">[0.000000, 0.000000, 0.000000, 0.000000]</P>
  <P Name="SetExecutionDomain">off</P>
  <P Name="ExecutionDomainType">Deduce</P>
  <P Name="ZoomFactor">125</P>
  <P Name="SIDHighWatermark">1969</P>
  <P Name="SIDPrevWatermark">1938</P>
  <P Name="SimulinkSubDomain">Simulink</P>
  <Block BlockType="Inport" Name="P_dem_L" SID="115:343">
    <P Name="Position">[-165, 310, -145, 330]</P>
    <P Name="ZOrder">-2</P>
    <P Name="BackgroundColor">green</P>
  </Block>
  <Block BlockType="Inport" Name="P_dem_R" SID="115:1949">
    <P Name="Position">[-165, 385, -145, 405]</P>
    <P Name="ZOrder">10</P>
    <P Name="BackgroundColor">green</P>
    <P Name="Port">2</P>
  </Block>
  <Block BlockType="Lookup_n-D" Name="1-D Lookup&#xA;Table" SID="115:1942">
    <P Name="Ports">[1, 1]</P>
    <P Name="Position">[165, 193, 230, 257]</P>
    <P Name="ZOrder">3</P>
    <P Name="InputPortMap">u0</P>
    <P Name="NumberOfTableDimensions">1</P>
    <P Name="BreakpointsForDimension1">Gensetdata.(&apos;Power(kW)&apos;)</P>
    <P Name="Table">Gensetdata.(&apos;Bsfc(g/kWh)&apos;)</P>
    <P Name="InterpMethod">Cubic spline</P>
    <P Name="ExtrapMethod">Cubic spline</P>
    <P Name="InternalRulePriority">Speed</P>
    <P Name="RndMeth">Simplest</P>
  </Block>
  <Block BlockType="Constant" Name="Constant" SID="115:1962">
    <P Name="Position">[615, 50, 645, 80]</P>
    <P Name="ZOrder">339</P>
    <P Name="Value">0</P>
  </Block>
  <Block BlockType="Constant" Name="Constant1" SID="115:1965">
    <P Name="Position">[620, 220, 650, 250]</P>
    <P Name="ZOrder">342</P>
    <P Name="Value">0</P>
  </Block>
  <Block BlockType="Constant" Name="Constant2" SID="115:1967">
    <P Name="Position">[625, 350, 655, 380]</P>
    <P Name="ZOrder">344</P>
    <P Name="Value">0</P>
  </Block>
  <Block BlockType="SubSystem" Name="Detect idle1" SID="115:1955">
    <P Name="Ports">[2, 1]</P>
    <P Name="Position">[350, 209, 425, 311]</P>
    <P Name="ZOrder">331</P>
    <P Name="RequestExecContextInheritance">off</P>
    <System Ref="system_115_1955"/>
  </Block>
  <Block BlockType="Gain" Name="Gain" SID="115:1964">
    <P Name="Position">[480, 325, 510, 355]</P>
    <P Name="ZOrder">340</P>
    <P Name="Gain">-1</P>
  </Block>
  <Block BlockType="Product" Name="Product" SID="115:1943">
    <P Name="Ports">[2, 1]</P>
    <P Name="Position">[290, 217, 320, 248]</P>
    <P Name="ZOrder">4</P>
  </Block>
  <Block BlockType="Saturate" Name="Saturation" SID="115:1948">
    <P Name="Position">[35, 305, 65, 335]</P>
    <P Name="ZOrder">9</P>
    <P Name="UpperLimit">2500</P>
    <P Name="LowerLimit">0</P>
  </Block>
  <Block BlockType="Scope" Name="Scope" SID="115:1953">
    <P Name="Ports">[1]</P>
    <P Name="Position">[860, 319, 890, 351]</P>
    <P Name="ZOrder">14</P>
    <P Name="ScopeSpecificationString">Simulink.scopes.TimeScopeBlockCfg(&apos;CurrentConfiguration&apos;, extmgr.ConfigurationSet(extmgr.Configuration(&apos;Core&apos;,&apos;General UI&apos;,true),extmgr.Configuration(&apos;Core&apos;,&apos;Source UI&apos;,true),extmgr.Configuration(&apos;Sources&apos;,&apos;WiredSimulink&apos;,true,&apos;DataLoggingVariableName&apos;,&apos;ScopeData2&apos;),extmgr.Configuration(&apos;Visuals&apos;,&apos;Time Domain&apos;,true,&apos;SerializedDisplays&apos;,{struct(&apos;MinYLimReal&apos;,&apos;-43501.63895&apos;,&apos;MaxYLimReal&apos;,&apos;391514.75051&apos;,&apos;YLabelReal&apos;,&apos;&apos;,&apos;MinYLimMag&apos;,&apos;   0.00000&apos;,&apos;MaxYLimMag&apos;,&apos;391514.75051&apos;,&apos;LegendVisibility&apos;,&apos;off&apos;,&apos;XGrid&apos;,true,&apos;YGrid&apos;,true,&apos;PlotMagPhase&apos;,false,&apos;AxesColor&apos;,[0 0 0],&apos;AxesTickColor&apos;,[0.686274509803922 0.686274509803922 0.686274509803922],&apos;ColorOrder&apos;,[1 1 0.0666666666666667;0.0745098039215686 0.623529411764706 1;1 0.411764705882353 0.16078431372549;0.392156862745098 0.831372549019608 0.0745098039215686;0.717647058823529 0.274509803921569 1;0.0588235294117647 1 1;1 0.0745098039215686 0.650980392156863],&apos;Title&apos;,&apos;%&lt;SignalLabel&gt;&apos;,&apos;LinePropertiesCache&apos;,{{}},&apos;UserDefinedChannelNames&apos;,{{}},&apos;NumLines&apos;,1,&apos;LineNames&apos;,{{&apos;Switch1&apos;}},&apos;ShowContent&apos;,true,&apos;Placement&apos;,1)},&apos;DisplayPropertyDefaults&apos;,struct(&apos;MinYLimReal&apos;,&apos;-43501.63895&apos;,&apos;MaxYLimReal&apos;,&apos;391514.75051&apos;,&apos;YLabelReal&apos;,&apos;&apos;,&apos;MinYLimMag&apos;,&apos;   0.00000&apos;,&apos;MaxYLimMag&apos;,&apos;391514.75051&apos;,&apos;LegendVisibility&apos;,&apos;off&apos;,&apos;XGrid&apos;,true,&apos;YGrid&apos;,true,&apos;PlotMagPhase&apos;,false,&apos;AxesColor&apos;,[0 0 0],&apos;AxesTickColor&apos;,[0.686274509803922 0.686274509803922 0.686274509803922],&apos;ColorOrder&apos;,[0.0745098039215686 0.623529411764706 1;1 0.411764705882353 0.16078431372549;1 1 0.0666666666666667;0.717647058823529 0.274509803921569 1;0.392156862745098 0.831372549019608 0.0745098039215686;0.0588235294117647 1 1;1 0.0745098039215686 0.650980392156863])),extmgr.Configuration(&apos;Tools&apos;,&apos;Plot Navigation&apos;,true,&apos;OnceAtStop&apos;,false,&apos;PreviousAutoscale&apos;,&apos;XY&apos;),extmgr.Configuration(&apos;Tools&apos;,&apos;Measurements&apos;,true,&apos;Version&apos;,&apos;2020b&apos;)),&apos;Version&apos;,&apos;2020b&apos;)</P>
    <P Name="NumInputPorts">1</P>
    <P Name="Floating">off</P>
  </Block>
  <Block BlockType="Scope" Name="Scope1" SID="115:1954">
    <P Name="Ports">[1]</P>
    <P Name="Position">[125, 344, 155, 376]</P>
    <P Name="ZOrder">15</P>
    <P Name="ScopeSpecificationString">Simulink.scopes.TimeScopeBlockCfg(&apos;CurrentConfiguration&apos;, extmgr.ConfigurationSet(extmgr.Configuration(&apos;Core&apos;,&apos;General UI&apos;,true),extmgr.Configuration(&apos;Core&apos;,&apos;Source UI&apos;,true),extmgr.Configuration(&apos;Sources&apos;,&apos;WiredSimulink&apos;,true,&apos;DataLoggingVariableName&apos;,&apos;ScopeData3&apos;),extmgr.Configuration(&apos;Visuals&apos;,&apos;Time Domain&apos;,true,&apos;SerializedDisplays&apos;,{struct(&apos;MinYLimReal&apos;,&apos;-204.68792&apos;,&apos;MaxYLimReal&apos;,&apos;1842.1913&apos;,&apos;YLabelReal&apos;,&apos;&apos;,&apos;MinYLimMag&apos;,&apos; 0.00000&apos;,&apos;MaxYLimMag&apos;,&apos;1842.1913&apos;,&apos;LegendVisibility&apos;,&apos;off&apos;,&apos;XGrid&apos;,true,&apos;YGrid&apos;,true,&apos;PlotMagPhase&apos;,false,&apos;AxesColor&apos;,[0 0 0],&apos;AxesTickColor&apos;,[0.686274509803922 0.686274509803922 0.686274509803922],&apos;ColorOrder&apos;,[1 1 0.0666666666666667;0.0745098039215686 0.623529411764706 1;1 0.411764705882353 0.16078431372549;0.392156862745098 0.831372549019608 0.0745098039215686;0.717647058823529 0.274509803921569 1;0.0588235294117647 1 1;1 0.0745098039215686 0.650980392156863],&apos;Title&apos;,&apos;%&lt;SignalLabel&gt;&apos;,&apos;LinePropertiesCache&apos;,{{}},&apos;UserDefinedChannelNames&apos;,{{}},&apos;NumLines&apos;,1,&apos;LineNames&apos;,{{&apos;Saturation&apos;}},&apos;ShowContent&apos;,true,&apos;Placement&apos;,1)},&apos;DisplayPropertyDefaults&apos;,struct(&apos;MinYLimReal&apos;,&apos;-204.68792&apos;,&apos;MaxYLimReal&apos;,&apos;1842.1913&apos;,&apos;YLabelReal&apos;,&apos;&apos;,&apos;MinYLimMag&apos;,&apos; 0.00000&apos;,&apos;MaxYLimMag&apos;,&apos;1842.1913&apos;,&apos;LegendVisibility&apos;,&apos;off&apos;,&apos;XGrid&apos;,true,&apos;YGrid&apos;,true,&apos;PlotMagPhase&apos;,false,&apos;AxesColor&apos;,[0 0 0],&apos;AxesTickColor&apos;,[0.686274509803922 0.686274509803922 0.686274509803922],&apos;ColorOrder&apos;,[0.0745098039215686 0.623529411764706 1;1 0.411764705882353 0.16078431372549;1 1 0.0666666666666667;0.717647058823529 0.274509803921569 1;0.392156862745098 0.831372549019608 0.0745098039215686;0.0588235294117647 1 1;1 0.0745098039215686 0.650980392156863])),extmgr.Configuration(&apos;Tools&apos;,&apos;Plot Navigation&apos;,true),extmgr.Configuration(&apos;Tools&apos;,&apos;Measurements&apos;,true,&apos;Version&apos;,&apos;2020b&apos;)),&apos;Version&apos;,&apos;2020b&apos;)</P>
    <P Name="NumInputPorts">1</P>
    <P Name="Floating">off</P>
  </Block>
  <Block BlockType="Scope" Name="Scope2" SID="115:1969">
    <P Name="Ports">[1]</P>
    <P Name="Position">[125, 59, 155, 91]</P>
    <P Name="ZOrder">345</P>
    <P Name="ScopeSpecificationString">Simulink.scopes.TimeScopeBlockCfg(&apos;CurrentConfiguration&apos;, extmgr.ConfigurationSet(extmgr.Configuration(&apos;Core&apos;,&apos;General UI&apos;,true),extmgr.Configuration(&apos;Core&apos;,&apos;Source UI&apos;,true),extmgr.Configuration(&apos;Sources&apos;,&apos;WiredSimulink&apos;,true,&apos;DataLoggingVariableName&apos;,&apos;ScopeData7&apos;),extmgr.Configuration(&apos;Visuals&apos;,&apos;Time Domain&apos;,true),extmgr.Configuration(&apos;Tools&apos;,&apos;Plot Navigation&apos;,true),extmgr.Configuration(&apos;Tools&apos;,&apos;Measurements&apos;,true)),&apos;Version&apos;,&apos;2020b&apos;)</P>
    <P Name="NumInputPorts">1</P>
    <P Name="Floating">off</P>
  </Block>
  <Block BlockType="Sum" Name="Sum" SID="115:1950">
    <P Name="Ports">[2, 1]</P>
    <P Name="Position">[-35, 310, -15, 330]</P>
    <P Name="ZOrder">11</P>
    <P Name="Inputs">|++</P>
  </Block>
  <Block BlockType="Switch" Name="Switch" SID="115:1963">
    <P Name="Position">[680, 140, 730, 180]</P>
    <P Name="ZOrder">338</P>
    <P Name="Criteria">u2 &gt; Threshold</P>
    <P Name="InputSameDT">off</P>
    <P Name="SaturateOnIntegerOverflow">off</P>
  </Block>
  <Block BlockType="Switch" Name="Switch1" SID="115:1966">
    <P Name="Position">[680, 255, 730, 295]</P>
    <P Name="ZOrder">341</P>
    <P Name="Criteria">u2 &gt; Threshold</P>
    <P Name="InputSameDT">off</P>
    <P Name="SaturateOnIntegerOverflow">off</P>
  </Block>
  <Block BlockType="Switch" Name="Switch2" SID="115:1968">
    <P Name="Position">[680, 390, 730, 430]</P>
    <P Name="ZOrder">343</P>
    <P Name="Criteria">u2 &gt; Threshold</P>
    <P Name="InputSameDT">off</P>
    <P Name="SaturateOnIntegerOverflow">off</P>
  </Block>
  <Block BlockType="ToWorkspace" Name="To Workspace1" SID="115:1947">
    <P Name="Ports">[1]</P>
    <P Name="Position">[860, 270, 900, 290]</P>
    <P Name="ZOrder">8</P>
    <P Name="BackgroundColor">magenta</P>
    <P Name="NameLocation">top</P>
    <P Name="ShowName">off</P>
    <P Name="VariableName">m_EG_R</P>
    <P Name="MaxDataPoints">inf</P>
    <P Name="Save2DSignal">2-D array (concatenate along first dimension)</P>
    <P Name="SampleTime">-1</P>
  </Block>
  <Block BlockType="ToWorkspace" Name="To Workspace2" SID="115:1951">
    <P Name="Ports">[1]</P>
    <P Name="Position">[860, 435, 900, 455]</P>
    <P Name="ZOrder">13</P>
    <P Name="BackgroundColor">magenta</P>
    <P Name="NameLocation">top</P>
    <P Name="ShowName">off</P>
    <P Name="VariableName">P_EG_R</P>
    <P Name="MaxDataPoints">inf</P>
    <P Name="Save2DSignal">2-D array (concatenate along first dimension)</P>
    <P Name="SampleTime">-1</P>
  </Block>
  <Block BlockType="ToWorkspace" Name="To Workspace5" SID="115:360">
    <P Name="Ports">[1]</P>
    <P Name="Position">[860, 185, 900, 205]</P>
    <P Name="ZOrder">-8</P>
    <P Name="BackgroundColor">magenta</P>
    <P Name="NameLocation">top</P>
    <P Name="ShowName">off</P>
    <P Name="VariableName">P_EG_L</P>
    <P Name="MaxDataPoints">inf</P>
    <P Name="Save2DSignal">2-D array (concatenate along first dimension)</P>
    <P Name="SampleTime">-1</P>
  </Block>
  <Block BlockType="Outport" Name="P_EG_L" SID="115:361">
    <P Name="Position">[870, 135, 890, 155]</P>
    <P Name="ZOrder">-9</P>
    <P Name="BackgroundColor">red</P>
    <P Name="InitialOutput">0</P>
  </Block>
  <Block BlockType="Outport" Name="m_EG" SID="115:1946">
    <P Name="Position">[870, 225, 890, 245]</P>
    <P Name="ZOrder">7</P>
    <P Name="BackgroundColor">red</P>
    <P Name="Port">2</P>
    <P Name="InitialOutput">0</P>
  </Block>
  <Block BlockType="Outport" Name="P_EG_R" SID="115:1952">
    <P Name="Position">[870, 385, 890, 405]</P>
    <P Name="ZOrder">12</P>
    <P Name="BackgroundColor">red</P>
    <P Name="Port">3</P>
    <P Name="InitialOutput">0</P>
  </Block>
  <Line>
    <P Name="ZOrder">6</P>
    <P Name="Src">115:1942#out:1</P>
    <P Name="Dst">115:1943#in:1</P>
  </Line>
  <Line>
    <P Name="ZOrder">8</P>
    <P Name="Src">115:1948#out:1</P>
    <P Name="Points">[13, 0]</P>
    <Branch>
      <P Name="ZOrder">84</P>
      <P Name="Points">[0, -245]</P>
      <P Name="Dst">115:1969#in:1</P>
    </Branch>
    <Branch>
      <P Name="ZOrder">83</P>
      <P Name="Points">[20, 0]</P>
      <Branch>
        <P Name="ZOrder">34</P>
        <P Name="Points">[0, 40]</P>
        <P Name="Dst">115:1954#in:1</P>
      </Branch>
      <Branch>
        <P Name="ZOrder">9</P>
        <P Name="Points">[157, 0]</P>
        <Branch>
          <P Name="ZOrder">53</P>
          <P Name="Points">[0, 20]</P>
          <P Name="Dst">115:1964#in:1</P>
        </Branch>
        <Branch>
          <P Name="ZOrder">51</P>
          <P Name="Points">[0, -35]</P>
          <Branch>
            <P Name="ZOrder">40</P>
            <P Name="Dst">115:1955#in:2</P>
          </Branch>
          <Branch>
            <P Name="ZOrder">39</P>
            <P Name="Points">[0, -45]</P>
            <P Name="Dst">115:1943#in:2</P>
          </Branch>
        </Branch>
      </Branch>
      <Branch>
        <P Name="ZOrder">14</P>
        <P Name="Points">[0, -95]</P>
        <P Name="Dst">115:1942#in:1</P>
      </Branch>
    </Branch>
  </Line>
  <Line>
    <P Name="ZOrder">16</P>
    <P Name="Src">115:343#out:1</P>
    <P Name="Points">[35, 0]</P>
    <Branch>
      <P Name="ZOrder">87</P>
      <P Name="Points">[0, -145]</P>
      <P Name="Dst">115:1963#in:3</P>
    </Branch>
    <Branch>
      <P Name="ZOrder">19</P>
      <P Name="Dst">115:1950#in:1</P>
    </Branch>
  </Line>
  <Line>
    <P Name="ZOrder">17</P>
    <P Name="Src">115:1950#out:1</P>
    <P Name="Dst">115:1948#in:1</P>
  </Line>
  <Line>
    <P Name="ZOrder">18</P>
    <P Name="Src">115:1949#out:1</P>
    <P Name="Points">[115, 0]</P>
    <Branch>
      <P Name="ZOrder">94</P>
      <P Name="Points">[0, 30]</P>
      <P Name="Dst">115:1968#in:3</P>
    </Branch>
    <Branch>
      <P Name="ZOrder">25</P>
      <P Name="Dst">115:1950#in:2</P>
    </Branch>
  </Line>
  <Line>
    <P Name="ZOrder">38</P>
    <P Name="Src">115:1943#out:1</P>
    <P Name="Dst">115:1955#in:1</P>
  </Line>
  <Line>
    <P Name="ZOrder">86</P>
    <P Name="Src">115:1962#out:1</P>
    <P Name="Points">[6, 0; 0, 80]</P>
    <P Name="Dst">115:1963#in:1</P>
  </Line>
  <Line>
    <P Name="ZOrder">54</P>
    <P Name="Src">115:1964#out:1</P>
    <P Name="Points">[50, 0]</P>
    <Branch>
      <P Name="ZOrder">66</P>
      <P Name="Points">[0, -65]</P>
      <Branch>
        <P Name="ZOrder">67</P>
        <P Name="Points">[0, -115]</P>
        <P Name="Dst">115:1963#in:2</P>
      </Branch>
      <Branch>
        <P Name="ZOrder">63</P>
        <P Name="Dst">115:1966#in:2</P>
      </Branch>
    </Branch>
    <Branch>
      <P Name="ZOrder">65</P>
      <P Name="Points">[0, 70]</P>
      <P Name="Dst">115:1968#in:2</P>
    </Branch>
  </Line>
  <Line>
    <P Name="ZOrder">90</P>
    <P Name="Src">115:1965#out:1</P>
    <P Name="Points">[10, 0]</P>
    <P Name="Dst">115:1966#in:1</P>
  </Line>
  <Line>
    <P Name="ZOrder">95</P>
    <P Name="Src">115:1967#out:1</P>
    <P Name="Points">[5, 0]</P>
    <P Name="Dst">115:1968#in:1</P>
  </Line>
  <Line>
    <P Name="ZOrder">89</P>
    <P Name="Src">115:1955#out:1</P>
    <P Name="Points">[65, 0; 0, 30]</P>
    <P Name="Dst">115:1966#in:3</P>
  </Line>
  <Line>
    <P Name="ZOrder">68</P>
    <P Name="Src">115:1963#out:1</P>
    <P Name="Points">[60, 0]</P>
    <Branch>
      <P Name="ZOrder">71</P>
      <P Name="Points">[0, -15]</P>
      <P Name="Dst">115:361#in:1</P>
    </Branch>
    <Branch>
      <P Name="ZOrder">70</P>
      <P Name="Points">[0, 35]</P>
      <P Name="Dst">115:360#in:1</P>
    </Branch>
  </Line>
  <Line>
    <P Name="ZOrder">72</P>
    <P Name="Src">115:1966#out:1</P>
    <P Name="Points">[60, 0]</P>
    <Branch>
      <P Name="ZOrder">82</P>
      <P Name="Points">[0, 5]</P>
      <Branch>
        <P Name="ZOrder">81</P>
        <P Name="Points">[0, 55]</P>
        <P Name="Dst">115:1953#in:1</P>
      </Branch>
      <Branch>
        <P Name="ZOrder">74</P>
        <P Name="Dst">115:1947#in:1</P>
      </Branch>
    </Branch>
    <Branch>
      <P Name="ZOrder">75</P>
      <P Name="Points">[0, -40]</P>
      <P Name="Dst">115:1946#in:1</P>
    </Branch>
  </Line>
  <Line>
    <P Name="ZOrder">76</P>
    <P Name="Src">115:1968#out:1</P>
    <P Name="Points">[59, 0]</P>
    <Branch>
      <P Name="ZOrder">80</P>
      <P Name="Points">[0, 35]</P>
      <P Name="Dst">115:1951#in:1</P>
    </Branch>
    <Branch>
      <P Name="ZOrder">77</P>
      <P Name="Points">[2, 0; 0, -15]</P>
      <P Name="Dst">115:1952#in:1</P>
    </Branch>
  </Line>
</System>
