<?xml version="1.0" encoding="utf-8"?>
<System>
  <P Name="Location">[953, 0, 1927, 1167]</P>
  <P Name="SystemRect">[0.000000, 0.000000, 0.000000, 0.000000]</P>
  <P Name="SetExecutionDomain">off</P>
  <P Name="ExecutionDomainType">Deduce</P>
  <P Name="ZoomFactor">164</P>
  <P Name="SIDHighWatermark">2013</P>
  <P Name="SIDPrevWatermark">1938</P>
  <P Name="SimulinkSubDomain">Simulink</P>
  <Block BlockType="Inport" Name="P_demand" SID="65:1950">
    <P Name="Position">[-130, 230, -110, 250]</P>
    <P Name="ZOrder">9</P>
    <P Name="BackgroundColor">green</P>
    <Port>
      <P Name="PortNumber">1</P>
      <P Name="Name">p_dem_kW</P>
    </Port>
  </Block>
  <Block BlockType="Inport" Name="w_prop" SID="65:281">
    <P Name="Position">[-120, 55, -100, 75]</P>
    <P Name="ZOrder">-1</P>
    <P Name="BackgroundColor">green</P>
    <P Name="Port">2</P>
  </Block>
  <Block BlockType="Constant" Name="Constant" SID="65:2009">
    <P Name="Position">[940, 305, 970, 335]</P>
    <P Name="ZOrder">344</P>
    <P Name="Value">0</P>
  </Block>
  <Block BlockType="Constant" Name="Constant1" SID="65:2013">
    <P Name="Position">[995, -15, 1025, 15]</P>
    <P Name="ZOrder">346</P>
    <P Name="Value">0</P>
  </Block>
  <Block BlockType="SubSystem" Name="Detect idle1" SID="65:1997">
    <P Name="Ports">[2, 1]</P>
    <P Name="Position">[865, 69, 940, 171]</P>
    <P Name="ZOrder">341</P>
    <P Name="RequestExecContextInheritance">off</P>
    <System Ref="system_65_1997"/>
  </Block>
  <Block BlockType="Gain" Name="Gain" SID="65:1975">
    <P Name="Position">[-60, 50, -30, 80]</P>
    <P Name="ZOrder">301</P>
    <P Name="Gain">DR</P>
  </Block>
  <Block BlockType="Gain" Name="Gain1" SID="65:2010">
    <P Name="Position">[785, 435, 815, 465]</P>
    <P Name="ZOrder">343</P>
    <P Name="Gain">-1</P>
  </Block>
  <Block BlockType="Lookup_n-D" Name="Lookup with&#xA;Linear Lagrange&#xA;Interpolation" SID="65:1972">
    <P Name="Ports">[1, 1]</P>
    <P Name="Position">[55, 135, 110, 185]</P>
    <P Name="ZOrder">299</P>
    <P Name="InputPortMap">u0</P>
    <P Name="NumberOfTableDimensions">1</P>
    <P Name="BreakpointsForDimension1">MaxLimit.(&apos;RPM&apos;)</P>
    <P Name="Table">MaxLimit.(&apos;Pow_kW_&apos;)</P>
    <P Name="InterpMethod">Linear Lagrange</P>
    <P Name="InternalRulePriority">Speed</P>
    <P Name="RndMeth">Simplest</P>
  </Block>
  <Block BlockType="SubSystem" Name="MATLAB Function1" SID="65:1985">
    <P Name="Ports">[2, 1]</P>
    <P Name="Position">[580, 43, 680, 127]</P>
    <P Name="ZOrder">317</P>
    <P Name="ErrorFcn">Stateflow.Translate.translate</P>
    <P Name="PermitHierarchicalResolution">ExplicitOnly</P>
    <P Name="TreatAsAtomicUnit">on</P>
    <P Name="RequestExecContextInheritance">off</P>
    <P Name="SFBlockType">MATLAB Function</P>
    <P Name="ContentPreviewEnabled">on</P>
    <System Ref="system_65_1985"/>
  </Block>
  <Block BlockType="MinMax" Name="Max" SID="65:1968">
    <P Name="Ports">[2, 1]</P>
    <P Name="Position">[195, 217, 225, 248]</P>
    <P Name="ZOrder">295</P>
    <P Name="Inputs">2</P>
    <Port>
      <P Name="PortNumber">1</P>
      <P Name="Name">p_dem_kW</P>
    </Port>
  </Block>
  <Block BlockType="Product" Name="Product" SID="65:1986">
    <P Name="Ports">[2, 1]</P>
    <P Name="Position">[775, 77, 805, 108]</P>
    <P Name="ZOrder">318</P>
  </Block>
  <Block BlockType="Scope" Name="Scope1" SID="65:1994">
    <P Name="Ports">[1]</P>
    <P Name="Position">[355, 304, 385, 336]</P>
    <P Name="ZOrder">327</P>
    <P Name="ScopeSpecificationString">Simulink.scopes.TimeScopeBlockCfg(&apos;CurrentConfiguration&apos;, extmgr.ConfigurationSet(extmgr.Configuration(&apos;Core&apos;,&apos;General UI&apos;,true),extmgr.Configuration(&apos;Core&apos;,&apos;Source UI&apos;,true),extmgr.Configuration(&apos;Sources&apos;,&apos;WiredSimulink&apos;,true,&apos;DataLoggingVariableName&apos;,&apos;ScopeData5&apos;),extmgr.Configuration(&apos;Visuals&apos;,&apos;Time Domain&apos;,true,&apos;SerializedDisplays&apos;,{struct(&apos;MinYLimReal&apos;,&apos;-100.78086&apos;,&apos;MaxYLimReal&apos;,&apos;897.02777&apos;,&apos;YLabelReal&apos;,&apos;&apos;,&apos;MinYLimMag&apos;,&apos; 0.00000&apos;,&apos;MaxYLimMag&apos;,&apos;897.02777&apos;,&apos;LegendVisibility&apos;,&apos;off&apos;,&apos;XGrid&apos;,true,&apos;YGrid&apos;,true,&apos;PlotMagPhase&apos;,false,&apos;AxesColor&apos;,[0 0 0],&apos;AxesTickColor&apos;,[0.686274509803922 0.686274509803922 0.686274509803922],&apos;ColorOrder&apos;,[1 1 0.0666666666666667;0.0745098039215686 0.623529411764706 1;1 0.411764705882353 0.16078431372549;0.392156862745098 0.831372549019608 0.0745098039215686;0.717647058823529 0.274509803921569 1;0.0588235294117647 1 1;1 0.0745098039215686 0.650980392156863],&apos;Title&apos;,&apos;%&lt;SignalLabel&gt;&apos;,&apos;LinePropertiesCache&apos;,{{}},&apos;UserDefinedChannelNames&apos;,{{}},&apos;NumLines&apos;,1,&apos;LineNames&apos;,{{&apos;p_dem_kW&apos;}},&apos;ShowContent&apos;,true,&apos;Placement&apos;,1)},&apos;DisplayPropertyDefaults&apos;,struct(&apos;MinYLimReal&apos;,&apos;-100.78086&apos;,&apos;MaxYLimReal&apos;,&apos;897.02777&apos;,&apos;YLabelReal&apos;,&apos;&apos;,&apos;MinYLimMag&apos;,&apos; 0.00000&apos;,&apos;MaxYLimMag&apos;,&apos;897.02777&apos;,&apos;LegendVisibility&apos;,&apos;off&apos;,&apos;XGrid&apos;,true,&apos;YGrid&apos;,true,&apos;PlotMagPhase&apos;,false,&apos;AxesColor&apos;,[0 0 0],&apos;AxesTickColor&apos;,[0.686274509803922 0.686274509803922 0.686274509803922],&apos;ColorOrder&apos;,[0.0745098039215686 0.623529411764706 1;1 0.411764705882353 0.16078431372549;1 1 0.0666666666666667;0.717647058823529 0.274509803921569 1;0.392156862745098 0.831372549019608 0.0745098039215686;0.0588235294117647 1 1;1 0.0745098039215686 0.650980392156863])),extmgr.Configuration(&apos;Tools&apos;,&apos;Plot Navigation&apos;,true),extmgr.Configuration(&apos;Tools&apos;,&apos;Measurements&apos;,true,&apos;Version&apos;,&apos;2020b&apos;)),&apos;Version&apos;,&apos;2020b&apos;,&apos;Position&apos;,[987 389 560 420])</P>
    <P Name="NumInputPorts">1</P>
    <P Name="Floating">off</P>
  </Block>
  <Block BlockType="Scope" Name="Scope2" SID="65:1995">
    <P Name="Ports">[1]</P>
    <P Name="Position">[1160, 256, 1190, 294]</P>
    <P Name="ZOrder">328</P>
    <P Name="ScopeSpecificationString">Simulink.scopes.TimeScopeBlockCfg(&apos;CurrentConfiguration&apos;, extmgr.ConfigurationSet(extmgr.Configuration(&apos;Core&apos;,&apos;General UI&apos;,true),extmgr.Configuration(&apos;Core&apos;,&apos;Source UI&apos;,true),extmgr.Configuration(&apos;Sources&apos;,&apos;WiredSimulink&apos;,true,&apos;DataLoggingVariableName&apos;,&apos;ScopeData7&apos;),extmgr.Configuration(&apos;Visuals&apos;,&apos;Time Domain&apos;,true,&apos;SerializedDisplays&apos;,{struct(&apos;MinYLimReal&apos;,&apos;-0.8765&apos;,&apos;MaxYLimReal&apos;,&apos;7.88851&apos;,&apos;YLabelReal&apos;,&apos;&apos;,&apos;MinYLimMag&apos;,&apos;0.00000&apos;,&apos;MaxYLimMag&apos;,&apos;7.88851&apos;,&apos;LegendVisibility&apos;,&apos;off&apos;,&apos;XGrid&apos;,true,&apos;YGrid&apos;,true,&apos;PlotMagPhase&apos;,false,&apos;AxesColor&apos;,[0 0 0],&apos;AxesTickColor&apos;,[0.686274509803922 0.686274509803922 0.686274509803922],&apos;ColorOrder&apos;,[1 1 0.0666666666666667;0.0745098039215686 0.623529411764706 1;1 0.411764705882353 0.16078431372549;0.392156862745098 0.831372549019608 0.0745098039215686;0.717647058823529 0.274509803921569 1;0.0588235294117647 1 1;1 0.0745098039215686 0.650980392156863],&apos;Title&apos;,&apos;%&lt;SignalLabel&gt;&apos;,&apos;LinePropertiesCache&apos;,{{}},&apos;UserDefinedChannelNames&apos;,{{}},&apos;NumLines&apos;,1,&apos;LineNames&apos;,{{&apos;p_CE_kW&apos;}},&apos;ShowContent&apos;,true,&apos;Placement&apos;,1)},&apos;DisplayPropertyDefaults&apos;,struct(&apos;MinYLimReal&apos;,&apos;-0.8765&apos;,&apos;MaxYLimReal&apos;,&apos;7.88851&apos;,&apos;YLabelReal&apos;,&apos;&apos;,&apos;MinYLimMag&apos;,&apos;0.00000&apos;,&apos;MaxYLimMag&apos;,&apos;7.88851&apos;,&apos;LegendVisibility&apos;,&apos;off&apos;,&apos;XGrid&apos;,true,&apos;YGrid&apos;,true,&apos;PlotMagPhase&apos;,false,&apos;AxesColor&apos;,[0 0 0],&apos;AxesTickColor&apos;,[0.686274509803922 0.686274509803922 0.686274509803922],&apos;ColorOrder&apos;,[0.0745098039215686 0.623529411764706 1;1 0.411764705882353 0.16078431372549;1 1 0.0666666666666667;0.717647058823529 0.274509803921569 1;0.392156862745098 0.831372549019608 0.0745098039215686;0.0588235294117647 1 1;1 0.0745098039215686 0.650980392156863])),extmgr.Configuration(&apos;Tools&apos;,&apos;Plot Navigation&apos;,true),extmgr.Configuration(&apos;Tools&apos;,&apos;Measurements&apos;,true,&apos;Version&apos;,&apos;2021b&apos;)),&apos;Version&apos;,&apos;2020b&apos;)</P>
    <P Name="NumInputPorts">1</P>
    <P Name="Floating">off</P>
  </Block>
  <Block BlockType="Switch" Name="Switch" SID="65:2011">
    <P Name="Position">[1030, 330, 1080, 370]</P>
    <P Name="ZOrder">342</P>
    <P Name="Criteria">u2 &gt; Threshold</P>
    <P Name="InputSameDT">off</P>
    <P Name="SaturateOnIntegerOverflow">off</P>
  </Block>
  <Block BlockType="Switch" Name="Switch1" SID="65:2012">
    <P Name="Position">[1060, 85, 1110, 125]</P>
    <P Name="ZOrder">345</P>
    <P Name="Criteria">u2 &gt; Threshold</P>
    <P Name="InputSameDT">off</P>
    <P Name="SaturateOnIntegerOverflow">off</P>
  </Block>
  <Block BlockType="ToWorkspace" Name="To Workspace2" SID="65:2007">
    <P Name="Ports">[1]</P>
    <P Name="Position">[1150, 160, 1190, 180]</P>
    <P Name="ZOrder">337</P>
    <P Name="BackgroundColor">magenta</P>
    <P Name="NameLocation">top</P>
    <P Name="ShowName">off</P>
    <P Name="VariableName">m_CE_R</P>
    <P Name="MaxDataPoints">inf</P>
    <P Name="Save2DSignal">2-D array (concatenate along first dimension)</P>
    <P Name="SampleTime">-1</P>
  </Block>
  <Block BlockType="ToWorkspace" Name="To Workspace3" SID="65:319">
    <P Name="Ports">[1]</P>
    <P Name="Position">[350, 225, 390, 245]</P>
    <P Name="ZOrder">-13</P>
    <P Name="BackgroundColor">magenta</P>
    <P Name="NameLocation">top</P>
    <P Name="ShowName">off</P>
    <P Name="VariableName">P_d</P>
    <P Name="MaxDataPoints">inf</P>
    <P Name="Save2DSignal">2-D array (concatenate along first dimension)</P>
    <P Name="SampleTime">-1</P>
  </Block>
  <Block BlockType="ToWorkspace" Name="To Workspace5" SID="65:321">
    <P Name="Ports">[1]</P>
    <P Name="Position">[1150, 365, 1190, 385]</P>
    <P Name="ZOrder">-15</P>
    <P Name="BackgroundColor">magenta</P>
    <P Name="NameLocation">top</P>
    <P Name="ShowName">off</P>
    <P Name="VariableName">P_CE_R</P>
    <P Name="MaxDataPoints">inf</P>
    <P Name="Save2DSignal">2-D array (concatenate along first dimension)</P>
    <P Name="SampleTime">-1</P>
  </Block>
  <Block BlockType="Outport" Name="P_CE" SID="65:324">
    <P Name="Position">[1160, 325, 1180, 345]</P>
    <P Name="ZOrder">-18</P>
    <P Name="BackgroundColor">red</P>
    <P Name="InitialOutput">0</P>
  </Block>
  <Block BlockType="Outport" Name="m_CE_R" SID="65:2008">
    <P Name="Position">[1160, 110, 1180, 130]</P>
    <P Name="ZOrder">338</P>
    <P Name="BackgroundColor">red</P>
    <P Name="Port">2</P>
    <P Name="InitialOutput">0</P>
  </Block>
  <Line>
    <P Name="ZOrder">4</P>
    <P Name="Src">65:281#out:1</P>
    <P Name="Dst">65:1975#in:1</P>
  </Line>
  <Line>
    <P Name="ZOrder">14</P>
    <P Name="Src">65:1972#out:1</P>
    <P Name="Points">[40, 0; 0, 65]</P>
    <P Name="Dst">65:1968#in:1</P>
  </Line>
  <Line>
    <P Name="ZOrder">15</P>
    <P Name="Src">65:1985#out:1</P>
    <P Name="Dst">65:1986#in:1</P>
  </Line>
  <Line>
    <P Name="ZOrder">16</P>
    <P Name="Src">65:1975#out:1</P>
    <P Name="Points">[56, 0]</P>
    <Branch>
      <P Name="ZOrder">29</P>
      <P Name="Points">[0, 95]</P>
      <P Name="Dst">65:1972#in:1</P>
    </Branch>
    <Branch>
      <P Name="ZOrder">17</P>
      <P Name="Dst">65:1985#in:1</P>
    </Branch>
  </Line>
  <Line>
    <P Name="ZOrder">67</P>
    <P Name="Src">65:1986#out:1</P>
    <P Name="Dst">65:1997#in:1</P>
  </Line>
  <Line>
    <P Name="Name">p_dem_kW</P>
    <P Name="ZOrder">22</P>
    <P Name="Labels">[1, 1]</P>
    <P Name="Src">65:1968#out:1</P>
    <P Name="Points">[80, 0]</P>
    <Branch>
      <P Name="ZOrder">23</P>
      <P Name="Points">[0, 85]</P>
      <P Name="Dst">65:1994#in:1</P>
    </Branch>
    <Branch>
      <P Name="ZOrder">24</P>
      <P Name="Points">[20, 0]</P>
      <Branch>
        <P Name="ZOrder">99</P>
        <P Name="Labels">[0, 1]</P>
        <P Name="Points">[0, 40; 218, 0]</P>
        <Branch>
          <P Name="ZOrder">106</P>
          <P Name="Points">[0, 90]</P>
          <P Name="Dst">65:2011#in:3</P>
        </Branch>
        <Branch>
          <P Name="ZOrder">84</P>
          <P Name="Labels">[1, 1]</P>
          <P Name="Points">[0, -70]</P>
          <Branch>
            <P Name="ZOrder">12</P>
            <P Name="Labels">[1, 1]</P>
            <P Name="Points">[180, 0; 0, -60]</P>
            <Branch>
              <P Name="ZOrder">69</P>
              <P Name="Dst">65:1997#in:2</P>
            </Branch>
            <Branch>
              <P Name="ZOrder">68</P>
              <P Name="Points">[0, -45]</P>
              <P Name="Dst">65:1986#in:2</P>
            </Branch>
          </Branch>
          <Branch>
            <P Name="ZOrder">13</P>
            <P Name="Labels">[1, 1]</P>
            <P Name="Points">[0, -100]</P>
            <P Name="Dst">65:1985#in:2</P>
          </Branch>
        </Branch>
      </Branch>
      <Branch>
        <P Name="ZOrder">26</P>
        <P Name="Dst">65:319#in:1</P>
      </Branch>
    </Branch>
  </Line>
  <Line>
    <P Name="ZOrder">102</P>
    <P Name="Src">65:1997#out:1</P>
    <P Name="Dst">65:2012#in:3</P>
  </Line>
  <Line>
    <P Name="ZOrder">107</P>
    <P Name="Src">65:2009#out:1</P>
    <P Name="Points">[4, 0; 0, 15]</P>
    <P Name="Dst">65:2011#in:1</P>
  </Line>
  <Line>
    <P Name="ZOrder">77</P>
    <P Name="Src">65:2010#out:1</P>
    <P Name="Points">[70, 0; 0, -100; 98, 0]</P>
    <Branch>
      <P Name="ZOrder">93</P>
      <P Name="Points">[0, -245]</P>
      <P Name="Dst">65:2012#in:2</P>
    </Branch>
    <Branch>
      <P Name="ZOrder">75</P>
      <P Name="Dst">65:2011#in:2</P>
    </Branch>
  </Line>
  <Line>
    <P Name="Name">p_dem_kW</P>
    <P Name="ZOrder">27</P>
    <P Name="Labels">[1, 1]</P>
    <P Name="Src">65:1950#out:1</P>
    <P Name="Points">[214, 0]</P>
    <Branch>
      <P Name="ZOrder">81</P>
      <P Name="Labels">[0, 0]</P>
      <P Name="Points">[0, 210]</P>
      <P Name="Dst">65:2010#in:1</P>
    </Branch>
    <Branch>
      <P Name="ZOrder">80</P>
      <P Name="Dst">65:1968#in:2</P>
    </Branch>
  </Line>
  <Line>
    <P Name="ZOrder">85</P>
    <P Name="Src">65:2011#out:1</P>
    <P Name="Points">[35, 0]</P>
    <Branch>
      <P Name="ZOrder">91</P>
      <P Name="Points">[0, -15]</P>
      <Branch>
        <P Name="ZOrder">87</P>
        <P Name="Points">[0, -60]</P>
        <P Name="Dst">65:1995#in:1</P>
      </Branch>
      <Branch>
        <P Name="ZOrder">86</P>
        <P Name="Dst">65:324#in:1</P>
      </Branch>
    </Branch>
    <Branch>
      <P Name="ZOrder">90</P>
      <P Name="Points">[0, 25]</P>
      <P Name="Dst">65:321#in:1</P>
    </Branch>
  </Line>
  <Line>
    <P Name="ZOrder">103</P>
    <P Name="Src">65:2013#out:1</P>
    <P Name="Points">[54, 0; 0, 52; -48, 0; 0, 38]</P>
    <P Name="Dst">65:2012#in:1</P>
  </Line>
  <Line>
    <P Name="ZOrder">95</P>
    <P Name="Src">65:2012#out:1</P>
    <P Name="Points">[16, 0; 0, 15]</P>
    <Branch>
      <P Name="ZOrder">104</P>
      <P Name="Points">[0, 50]</P>
      <P Name="Dst">65:2007#in:1</P>
    </Branch>
    <Branch>
      <P Name="ZOrder">98</P>
      <P Name="Dst">65:2008#in:1</P>
    </Branch>
  </Line>
</System>
