<?xml version="1.0" encoding="utf-8"?>
<System>
  <P Name="Location">[952, -8, 1928, 1168]</P>
  <P Name="SystemRect">[0.000000, 0.000000, 0.000000, 0.000000]</P>
  <P Name="Open">on</P>
  <P Name="SetExecutionDomain">off</P>
  <P Name="ExecutionDomainType">Deduce</P>
  <P Name="ZoomFactor">60</P>
  <P Name="ReportName">simulink-default.rpt</P>
  <P Name="SIDHighWatermark">158</P>
  <P Name="SimulinkSubDomain">Simulink</P>
  <Block BlockType="SubSystem" Name="Combustion Engine&#xA;Left" SID="64">
    <P Name="Tag">combustion engine</P>
    <P Name="Ports">[2, 2]</P>
    <P Name="Position">[560, 73, 655, 157]</P>
    <P Name="ZOrder">3069</P>
    <P Name="BackgroundColor">red</P>
    <P Name="AncestorBlock">qss_tb_library/Energy Converter/Combustion Engine
(consumption map)</P>
    <P Name="LibraryVersion">*1.294</P>
    <P Name="RequestExecContextInheritance">off</P>
    <Mask>
      <Display RunInitForIconRedraw="off"/>
    </Mask>
    <System Ref="system_64"/>
  </Block>
  <Block BlockType="SubSystem" Name="Combustion Engine&#xA;Right" SID="65">
    <P Name="Tag">combustion engine</P>
    <P Name="Ports">[2, 2]</P>
    <P Name="Position">[560, 578, 655, 662]</P>
    <P Name="ZOrder">3070</P>
    <P Name="BackgroundColor">red</P>
    <P Name="AncestorBlock">qss_tb_library/Energy Converter/Combustion Engine
(consumption map)</P>
    <P Name="LibraryVersion">*1.294</P>
    <P Name="RequestExecContextInheritance">off</P>
    <Mask>
      <Display RunInitForIconRedraw="off"/>
    </Mask>
    <System Ref="system_65"/>
  </Block>
  <Block BlockType="SubSystem" Name="Control Unit&#xA;(empty template)" SID="4">
    <P Name="Tag">control unit</P>
    <P Name="Ports">[5, 4]</P>
    <P Name="Position">[205, 290, 410, 460]</P>
    <P Name="ZOrder">46</P>
    <P Name="BackgroundColor">lightBlue</P>
    <P Name="AncestorBlock">qss_tb_library/Controller/Control Unit
(empty template)</P>
    <P Name="LibraryVersion">*1.294</P>
    <P Name="ShowPortLabels">SignalName</P>
    <P Name="RequestExecContextInheritance">off</P>
    <Mask>
      <Display RunInitForIconRedraw="off"/>
    </Mask>
    <System Ref="system_4"/>
  </Block>
  <Block BlockType="SubSystem" Name="Daily_Load" SID="56">
    <P Name="Ports">[0, 1]</P>
    <P Name="Position">[-345, 270, -210, 320]</P>
    <P Name="ZOrder">3066</P>
    <P Name="TreatAsAtomicUnit">on</P>
    <P Name="RequestExecContextInheritance">off</P>
    <P Name="ContentPreviewEnabled">on</P>
    <Port>
      <P Name="PortNumber">1</P>
      <P Name="Name">Prop_rpm_des</P>
    </Port>
    <System Ref="system_56"/>
  </Block>
  <Block BlockType="SubSystem" Name="Electric Generator&#xA;Right" SID="115">
    <P Name="Ports">[2, 3]</P>
    <P Name="Position">[560, 328, 655, 412]</P>
    <P Name="ZOrder">3085</P>
    <P Name="BackgroundColor">red</P>
    <P Name="AncestorBlock">qss_tb_library/Energy Converter/Electric Generator</P>
    <P Name="LibraryVersion">*1.294</P>
    <P Name="RequestExecContextInheritance">off</P>
    <System Ref="system_115"/>
  </Block>
  <Block BlockType="SubSystem" Name="Electric Motor Left" SID="116">
    <P Name="Ports">[2, 1]</P>
    <P Name="Position">[1005, 234, 1100, 321]</P>
    <P Name="ZOrder">3086</P>
    <P Name="BackgroundColor">red</P>
    <P Name="AncestorBlock">qss_tb_library/Energy Converter/Electric Motor</P>
    <P Name="LibraryVersion">*1.294</P>
    <P Name="RequestExecContextInheritance">off</P>
    <Mask>
      <Display RunInitForIconRedraw="off"/>
    </Mask>
    <System Ref="system_116"/>
  </Block>
  <Block BlockType="SubSystem" Name="Electric Motor Right" SID="117">
    <P Name="Ports">[2, 1]</P>
    <P Name="Position">[1005, 414, 1100, 501]</P>
    <P Name="ZOrder">3087</P>
    <P Name="BackgroundColor">red</P>
    <P Name="AncestorBlock">qss_tb_library/Energy Converter/Electric Motor</P>
    <P Name="LibraryVersion">*1.294</P>
    <P Name="RequestExecContextInheritance">off</P>
    <Mask>
      <Display RunInitForIconRedraw="off"/>
    </Mask>
    <System Ref="system_117"/>
  </Block>
  <Block BlockType="Gain" Name="Gain1" SID="110">
    <P Name="Position">[-60, 430, -30, 460]</P>
    <P Name="ZOrder">3077</P>
    <P Name="Gain">1/2</P>
  </Block>
  <Block BlockType="SubSystem" Name="Prop Left" SID="148">
    <P Name="Ports">[1, 1]</P>
    <P Name="Position">[1455, 239, 1555, 281]</P>
    <P Name="ZOrder">3091</P>
    <P Name="BackgroundColor">yellow</P>
    <P Name="RequestExecContextInheritance">off</P>
    <P Name="ContentPreviewEnabled">on</P>
    <Mask>
      <Display RunInitForIconRedraw="off"/>
    </Mask>
    <System Ref="system_148"/>
  </Block>
  <Block BlockType="SubSystem" Name="Prop Right" SID="142">
    <P Name="Ports">[1, 1]</P>
    <P Name="Position">[1455, 459, 1555, 501]</P>
    <P Name="ZOrder">3090</P>
    <P Name="BackgroundColor">yellow</P>
    <P Name="RequestExecContextInheritance">off</P>
    <P Name="ContentPreviewEnabled">on</P>
    <Mask>
      <Display RunInitForIconRedraw="off"/>
    </Mask>
    <System Ref="system_142"/>
  </Block>
  <Block BlockType="Saturate" Name="Saturation" SID="55">
    <P Name="Position">[60, 280, 90, 310]</P>
    <P Name="ZOrder">3065</P>
    <P Name="UpperLimit">inf</P>
    <P Name="LowerLimit">w_CE_idle/DR</P>
  </Block>
  <Block BlockType="Scope" Name="Scope" SID="156">
    <P Name="Ports">[1]</P>
    <P Name="Position">[-280, 59, -250, 91]</P>
    <P Name="ZOrder">3093</P>
    <P Name="ScopeSpecificationString">Simulink.scopes.TimeScopeBlockCfg(&apos;CurrentConfiguration&apos;, extmgr.ConfigurationSet(extmgr.Configuration(&apos;Core&apos;,&apos;General UI&apos;,true),extmgr.Configuration(&apos;Core&apos;,&apos;Source UI&apos;,true),extmgr.Configuration(&apos;Sources&apos;,&apos;WiredSimulink&apos;,true,&apos;DataLoggingVariableName&apos;,&apos;ScopeData1&apos;),extmgr.Configuration(&apos;Visuals&apos;,&apos;Time Domain&apos;,true,&apos;SerializedDisplays&apos;,{struct(&apos;MinYLimReal&apos;,&apos;68.57515&apos;,&apos;MaxYLimReal&apos;,&apos;150.13609&apos;,&apos;YLabelReal&apos;,&apos;&apos;,&apos;MinYLimMag&apos;,&apos;68.57515&apos;,&apos;MaxYLimMag&apos;,&apos;150.13609&apos;,&apos;LegendVisibility&apos;,&apos;off&apos;,&apos;XGrid&apos;,true,&apos;YGrid&apos;,true,&apos;PlotMagPhase&apos;,false,&apos;AxesColor&apos;,[0 0 0],&apos;AxesTickColor&apos;,[0.686274509803922 0.686274509803922 0.686274509803922],&apos;ColorOrder&apos;,[1 1 0.0666666666666667;0.0745098039215686 0.623529411764706 1;1 0.411764705882353 0.16078431372549;0.392156862745098 0.831372549019608 0.0745098039215686;0.717647058823529 0.274509803921569 1;0.0588235294117647 1 1;1 0.0745098039215686 0.650980392156863],&apos;Title&apos;,&apos;%&lt;SignalLabel&gt;&apos;,&apos;LinePropertiesCache&apos;,{{}},&apos;UserDefinedChannelNames&apos;,{{}},&apos;NumLines&apos;,1,&apos;LineNames&apos;,{{&apos;Saturation&apos;}},&apos;ShowContent&apos;,true,&apos;Placement&apos;,1)},&apos;DisplayPropertyDefaults&apos;,struct(&apos;MinYLimReal&apos;,&apos;68.57515&apos;,&apos;MaxYLimReal&apos;,&apos;150.13609&apos;,&apos;YLabelReal&apos;,&apos;&apos;,&apos;MinYLimMag&apos;,&apos;68.57515&apos;,&apos;MaxYLimMag&apos;,&apos;150.13609&apos;,&apos;LegendVisibility&apos;,&apos;off&apos;,&apos;XGrid&apos;,true,&apos;YGrid&apos;,true,&apos;PlotMagPhase&apos;,false,&apos;AxesColor&apos;,[0 0 0],&apos;AxesTickColor&apos;,[0.686274509803922 0.686274509803922 0.686274509803922],&apos;ColorOrder&apos;,[0.0745098039215686 0.623529411764706 1;1 0.411764705882353 0.16078431372549;1 1 0.0666666666666667;0.717647058823529 0.274509803921569 1;0.392156862745098 0.831372549019608 0.0745098039215686;0.0588235294117647 1 1;1 0.0745098039215686 0.650980392156863])),extmgr.Configuration(&apos;Tools&apos;,&apos;Plot Navigation&apos;,true),extmgr.Configuration(&apos;Tools&apos;,&apos;Measurements&apos;,true,&apos;Version&apos;,&apos;2021b&apos;)),&apos;Version&apos;,&apos;2021b&apos;,&apos;Position&apos;,[1113 89 560 420])</P>
    <P Name="NumInputPorts">1</P>
    <P Name="Floating">off</P>
  </Block>
  <Block BlockType="Scope" Name="Scope1" SID="157">
    <P Name="Ports">[1]</P>
    <P Name="Position">[25, 389, 55, 421]</P>
    <P Name="ZOrder">3094</P>
    <P Name="ScopeSpecificationString">Simulink.scopes.TimeScopeBlockCfg(&apos;CurrentConfiguration&apos;, extmgr.ConfigurationSet(extmgr.Configuration(&apos;Core&apos;,&apos;General UI&apos;,true),extmgr.Configuration(&apos;Core&apos;,&apos;Source UI&apos;,true),extmgr.Configuration(&apos;Sources&apos;,&apos;WiredSimulink&apos;,true,&apos;DataLoggingVariableName&apos;,&apos;ScopeData4&apos;),extmgr.Configuration(&apos;Visuals&apos;,&apos;Time Domain&apos;,true,&apos;SerializedDisplays&apos;,{struct(&apos;MinYLimReal&apos;,&apos;60.76857&apos;,&apos;MaxYLimReal&apos;,&apos;220.3954&apos;,&apos;YLabelReal&apos;,&apos;&apos;,&apos;MinYLimMag&apos;,&apos;60.76857&apos;,&apos;MaxYLimMag&apos;,&apos;220.3954&apos;,&apos;LegendVisibility&apos;,&apos;off&apos;,&apos;XGrid&apos;,true,&apos;YGrid&apos;,true,&apos;PlotMagPhase&apos;,false,&apos;AxesColor&apos;,[0 0 0],&apos;AxesTickColor&apos;,[0.686274509803922 0.686274509803922 0.686274509803922],&apos;ColorOrder&apos;,[1 1 0.0666666666666667;0.0745098039215686 0.623529411764706 1;1 0.411764705882353 0.16078431372549;0.392156862745098 0.831372549019608 0.0745098039215686;0.717647058823529 0.274509803921569 1;0.0588235294117647 1 1;1 0.0745098039215686 0.650980392156863],&apos;Title&apos;,&apos;%&lt;SignalLabel&gt;&apos;,&apos;LinePropertiesCache&apos;,{{}},&apos;UserDefinedChannelNames&apos;,{{}},&apos;NumLines&apos;,1,&apos;LineNames&apos;,{{&apos;Gain1&apos;}},&apos;ShowContent&apos;,true,&apos;Placement&apos;,1)},&apos;DisplayPropertyDefaults&apos;,struct(&apos;MinYLimReal&apos;,&apos;60.76857&apos;,&apos;MaxYLimReal&apos;,&apos;220.3954&apos;,&apos;YLabelReal&apos;,&apos;&apos;,&apos;MinYLimMag&apos;,&apos;60.76857&apos;,&apos;MaxYLimMag&apos;,&apos;220.3954&apos;,&apos;LegendVisibility&apos;,&apos;off&apos;,&apos;XGrid&apos;,true,&apos;YGrid&apos;,true,&apos;PlotMagPhase&apos;,false,&apos;AxesColor&apos;,[0 0 0],&apos;AxesTickColor&apos;,[0.686274509803922 0.686274509803922 0.686274509803922],&apos;ColorOrder&apos;,[0.0745098039215686 0.623529411764706 1;1 0.411764705882353 0.16078431372549;1 1 0.0666666666666667;0.717647058823529 0.274509803921569 1;0.392156862745098 0.831372549019608 0.0745098039215686;0.0588235294117647 1 1;1 0.0745098039215686 0.650980392156863])),extmgr.Configuration(&apos;Tools&apos;,&apos;Plot Navigation&apos;,true),extmgr.Configuration(&apos;Tools&apos;,&apos;Measurements&apos;,true,&apos;Version&apos;,&apos;2021b&apos;)),&apos;Version&apos;,&apos;2021b&apos;,&apos;Position&apos;,[1 41 1920 1083])</P>
    <P Name="NumInputPorts">1</P>
    <P Name="Floating">off</P>
  </Block>
  <Block BlockType="Scope" Name="Scope2" SID="158">
    <P Name="Ports">[4]</P>
    <P Name="Position">[570, 223, 600, 257]</P>
    <P Name="ZOrder">3095</P>
    <P Name="ScopeSpecificationString">Simulink.scopes.TimeScopeBlockCfg(&apos;CurrentConfiguration&apos;, extmgr.ConfigurationSet(extmgr.Configuration(&apos;Core&apos;,&apos;General UI&apos;,true),extmgr.Configuration(&apos;Core&apos;,&apos;Source UI&apos;,true),extmgr.Configuration(&apos;Sources&apos;,&apos;WiredSimulink&apos;,true,&apos;DataLoggingVariableName&apos;,&apos;ScopeData6&apos;),extmgr.Configuration(&apos;Visuals&apos;,&apos;Time Domain&apos;,true,&apos;SerializedDisplays&apos;,{struct(&apos;MinYLimReal&apos;,&apos;-141.63368&apos;,&apos;MaxYLimReal&apos;,&apos;1264.70312&apos;,&apos;YLabelReal&apos;,&apos;&apos;,&apos;MinYLimMag&apos;,&apos; 0.00000&apos;,&apos;MaxYLimMag&apos;,&apos;1264.70312&apos;,&apos;LegendVisibility&apos;,&apos;off&apos;,&apos;XGrid&apos;,true,&apos;YGrid&apos;,true,&apos;PlotMagPhase&apos;,false,&apos;AxesColor&apos;,[0 0 0],&apos;AxesTickColor&apos;,[0.686274509803922 0.686274509803922 0.686274509803922],&apos;ColorOrder&apos;,[1 1 0.0666666666666667;0.0745098039215686 0.623529411764706 1;1 0.411764705882353 0.16078431372549;0.392156862745098 0.831372549019608 0.0745098039215686;0.717647058823529 0.274509803921569 1;0.0588235294117647 1 1;1 0.0745098039215686 0.650980392156863],&apos;Title&apos;,&apos;%&lt;SignalLabel&gt;&apos;,&apos;LinePropertiesCache&apos;,{{}},&apos;UserDefinedChannelNames&apos;,{{}},&apos;NumLines&apos;,4,&apos;LineNames&apos;,{{&apos;Control Unit (empty template)/4&apos;,&apos;Control Unit (empty template)/1&apos;,&apos;Control Unit (empty template)/3&apos;,&apos;Control Unit (empty template)/2&apos;}},&apos;ShowContent&apos;,true,&apos;Placement&apos;,1)},&apos;DisplayPropertyDefaults&apos;,struct(&apos;MinYLimReal&apos;,&apos;-141.63368&apos;,&apos;MaxYLimReal&apos;,&apos;1264.70312&apos;,&apos;YLabelReal&apos;,&apos;&apos;,&apos;MinYLimMag&apos;,&apos; 0.00000&apos;,&apos;MaxYLimMag&apos;,&apos;1264.70312&apos;,&apos;LegendVisibility&apos;,&apos;off&apos;,&apos;XGrid&apos;,true,&apos;YGrid&apos;,true,&apos;PlotMagPhase&apos;,false,&apos;AxesColor&apos;,[0 0 0],&apos;AxesTickColor&apos;,[0.686274509803922 0.686274509803922 0.686274509803922],&apos;ColorOrder&apos;,[0.0745098039215686 0.623529411764706 1;1 0.411764705882353 0.16078431372549;1 1 0.0666666666666667;0.717647058823529 0.274509803921569 1;0.392156862745098 0.831372549019608 0.0745098039215686;0.0588235294117647 1 1;1 0.0745098039215686 0.650980392156863])),extmgr.Configuration(&apos;Tools&apos;,&apos;Plot Navigation&apos;,true,&apos;OnceAtStop&apos;,false),extmgr.Configuration(&apos;Tools&apos;,&apos;Measurements&apos;,true,&apos;Version&apos;,&apos;2020b&apos;)),&apos;Version&apos;,&apos;2020b&apos;,&apos;Position&apos;,[1108 292 560 420])</P>
    <P Name="NumInputPorts">4</P>
    <P Name="Floating">off</P>
  </Block>
  <Block BlockType="Sum" Name="Sum1" SID="31">
    <P Name="Ports">[2, 1]</P>
    <P Name="Position">[1190, 265, 1210, 285]</P>
    <P Name="ZOrder">65</P>
    <P Name="IconShape">rectangular</P>
  </Block>
  <Block BlockType="Sum" Name="Sum2" SID="32">
    <P Name="Ports">[2, 1]</P>
    <P Name="Position">[1190, 455, 1210, 475]</P>
    <P Name="ZOrder">66</P>
    <P Name="IconShape">rectangular</P>
  </Block>
  <Block BlockType="Sum" Name="Sum4" SID="154">
    <P Name="Ports">[2, 1]</P>
    <P Name="Position">[-145, 435, -125, 455]</P>
    <P Name="ZOrder">3092</P>
    <P Name="Inputs">+|+</P>
  </Block>
  <Block BlockType="SubSystem" Name="Transmission + Prop&#xA;Left" SID="118">
    <P Name="Ports">[2, 1]</P>
    <P Name="Position">[1260, 229, 1385, 291]</P>
    <P Name="ZOrder">3088</P>
    <P Name="BackgroundColor">cyan</P>
    <P Name="RequestExecContextInheritance">off</P>
    <P Name="ContentPreviewEnabled">on</P>
    <Mask>
      <Display RunInitForIconRedraw="off"/>
    </Mask>
    <System Ref="system_118"/>
  </Block>
  <Block BlockType="SubSystem" Name="Transmission + Prop&#xA;Right" SID="130">
    <P Name="Ports">[2, 1]</P>
    <P Name="Position">[1260, 449, 1385, 511]</P>
    <P Name="ZOrder">3089</P>
    <P Name="BackgroundColor">cyan</P>
    <P Name="RequestExecContextInheritance">off</P>
    <P Name="ContentPreviewEnabled">on</P>
    <Mask>
      <Display RunInitForIconRedraw="off"/>
    </Mask>
    <System Ref="system_130"/>
  </Block>
  <Line>
    <P Name="ZOrder">239</P>
    <P Name="Src">118#out:1</P>
    <P Name="Dst">148#in:1</P>
  </Line>
  <Line>
    <P Name="ZOrder">237</P>
    <P Name="Src">130#out:1</P>
    <P Name="Dst">142#in:1</P>
  </Line>
  <Line>
    <P Name="ZOrder">240</P>
    <P Name="Src">148#out:1</P>
    <P Name="Points">[16, 0; 0, -247; -340, 0]</P>
    <Branch>
      <P Name="ZOrder">231</P>
      <P Name="Points">[0, 232]</P>
      <P Name="Dst">118#in:1</P>
    </Branch>
    <Branch>
      <P Name="ZOrder">8</P>
      <P Name="Points">[-287, 0]</P>
      <Branch>
        <P Name="ZOrder">225</P>
        <P Name="Points">[0, 242]</P>
        <P Name="Dst">116#in:1</P>
      </Branch>
      <Branch>
        <P Name="ZOrder">130</P>
        <P Name="Points">[-422, 0]</P>
        <Branch>
          <P Name="ZOrder">246</P>
          <P Name="Points">[-662, 0]</P>
          <P Name="Dst">154#in:1</P>
        </Branch>
        <Branch>
          <P Name="ZOrder">143</P>
          <P Name="Points">[0, 82]</P>
          <P Name="Dst">64#in:1</P>
        </Branch>
      </Branch>
    </Branch>
  </Line>
  <Line>
    <P Name="ZOrder">229</P>
    <P Name="Src">117#out:1</P>
    <P Name="Dst">32#in:1</P>
  </Line>
  <Line>
    <P Name="ZOrder">236</P>
    <P Name="Src">32#out:1</P>
    <P Name="Dst">130#in:1</P>
  </Line>
  <Line>
    <P Name="ZOrder">60</P>
    <P Name="Src">64#out:1</P>
    <P Name="Points">[485, 0; 0, 175]</P>
    <P Name="Dst">31#in:1</P>
  </Line>
  <Line>
    <P Name="ZOrder">232</P>
    <P Name="Src">31#out:1</P>
    <P Name="Dst">118#in:2</P>
  </Line>
  <Line>
    <P Name="ZOrder">226</P>
    <P Name="Src">116#out:1</P>
    <P Name="Dst">31#in:2</P>
  </Line>
  <Line>
    <P Name="ZOrder">279</P>
    <P Name="Src">65#out:2</P>
    <P Name="Points">[19, 0; 0, -109; -498, 0; 0, -121]</P>
    <P Name="Dst">4#in:4</P>
  </Line>
  <Line>
    <P Name="ZOrder">278</P>
    <P Name="Src">64#out:2</P>
    <P Name="Points">[7, 0; 0, 147; -510, 0; 0, 58]</P>
    <P Name="Dst">4#in:2</P>
  </Line>
  <Line>
    <P Name="ZOrder">139</P>
    <P Name="Src">4#out:4</P>
    <P Name="Points">[61, 0; 0, -5]</P>
    <Branch>
      <P Name="ZOrder">293</P>
      <P Name="Points">[0, -205]</P>
      <P Name="Dst">158#in:1</P>
    </Branch>
    <Branch>
      <P Name="ZOrder">290</P>
      <P Name="Points">[9, 0; 0, 170]</P>
      <P Name="Dst">65#in:1</P>
    </Branch>
  </Line>
  <Line>
    <P Name="ZOrder">59</P>
    <P Name="Src">4#out:1</P>
    <P Name="Points">[70, 0; 0, -80]</P>
    <Branch>
      <P Name="ZOrder">294</P>
      <P Name="Points">[0, -100]</P>
      <P Name="Dst">64#in:2</P>
    </Branch>
    <Branch>
      <P Name="ZOrder">283</P>
      <P Name="Dst">158#in:2</P>
    </Branch>
  </Line>
  <Line>
    <P Name="ZOrder">133</P>
    <P Name="Src">110#out:1</P>
    <P Name="Points">[22, 0]</P>
    <Branch>
      <P Name="ZOrder">281</P>
      <P Name="Points">[0, -40]</P>
      <P Name="Dst">157#in:1</P>
    </Branch>
    <Branch>
      <P Name="ZOrder">280</P>
      <P Name="Dst">4#in:5</P>
    </Branch>
  </Line>
  <Line>
    <P Name="ZOrder">222</P>
    <P Name="Src">115#out:2</P>
    <P Name="Points">[19, 0; 0, -96; -498, 0; 0, 101]</P>
    <P Name="Dst">4#in:3</P>
  </Line>
  <Line>
    <P Name="ZOrder">62</P>
    <P Name="Src">65#out:1</P>
    <P Name="Points">[485, 0; 0, -130]</P>
    <P Name="Dst">32#in:2</P>
  </Line>
  <Line>
    <P Name="ZOrder">48</P>
    <P Name="Src">55#out:1</P>
    <P Name="Points">[35, 0]</P>
    <Branch>
      <P Name="ZOrder">277</P>
      <P Name="Points">[0, -114; -434, 0; 0, -106]</P>
      <P Name="Dst">156#in:1</P>
    </Branch>
    <Branch>
      <P Name="ZOrder">276</P>
      <P Name="Points">[0, 10]</P>
      <P Name="Dst">4#in:1</P>
    </Branch>
  </Line>
  <Line>
    <P Name="ZOrder">223</P>
    <P Name="Src">4#out:2</P>
    <P Name="Points">[93, 0; 0, -5]</P>
    <Branch>
      <P Name="ZOrder">286</P>
      <P Name="Points">[0, -95]</P>
      <P Name="Dst">158#in:4</P>
    </Branch>
    <Branch>
      <P Name="ZOrder">285</P>
      <P Name="Dst">115#in:1</P>
    </Branch>
  </Line>
  <Line>
    <P Name="ZOrder">247</P>
    <P Name="Src">154#out:1</P>
    <P Name="Dst">110#in:1</P>
  </Line>
  <Line>
    <P Name="Name">Prop_rpm_des</P>
    <P Name="ZOrder">249</P>
    <P Name="Labels">[0, 0]</P>
    <P Name="Src">56#out:1</P>
    <P Name="Dst">55#in:1</P>
  </Line>
  <Line>
    <P Name="ZOrder">248</P>
    <P Name="Src">142#out:1</P>
    <P Name="Points">[14, 0; 0, 245; -333, 0]</P>
    <Branch>
      <P Name="ZOrder">257</P>
      <P Name="Points">[-287, 0]</P>
      <Branch>
        <P Name="ZOrder">251</P>
        <P Name="Points">[0, -245]</P>
        <P Name="Dst">117#in:2</P>
      </Branch>
      <Branch>
        <P Name="ZOrder">250</P>
        <P Name="Points">[-428, 0]</P>
        <Branch>
          <P Name="ZOrder">265</P>
          <P Name="Points">[0, -85]</P>
          <P Name="Dst">65#in:2</P>
        </Branch>
        <Branch>
          <P Name="ZOrder">264</P>
          <P Name="Points">[-661, 0]</P>
          <P Name="Dst">154#in:2</P>
        </Branch>
      </Branch>
    </Branch>
    <Branch>
      <P Name="ZOrder">256</P>
      <P Name="Points">[0, -230]</P>
      <P Name="Dst">130#in:2</P>
    </Branch>
  </Line>
  <Line>
    <P Name="ZOrder">261</P>
    <P Name="Src">4#out:3</P>
    <P Name="Points">[115, 0; 0, -5]</P>
    <Branch>
      <P Name="ZOrder">289</P>
      <P Name="Points">[0, -145]</P>
      <P Name="Dst">158#in:3</P>
    </Branch>
    <Branch>
      <P Name="ZOrder">288</P>
      <P Name="Dst">115#in:2</P>
    </Branch>
  </Line>
  <Line>
    <P Name="ZOrder">262</P>
    <P Name="Src">115#out:1</P>
    <P Name="Points">[182, 0; 0, -40]</P>
    <P Name="Dst">116#in:2</P>
  </Line>
  <Line>
    <P Name="ZOrder">263</P>
    <P Name="Src">115#out:3</P>
    <P Name="Points">[182, 0; 0, 35]</P>
    <P Name="Dst">117#in:1</P>
  </Line>
</System>
