<?xml version="1.0" encoding="utf-8"?>
<System>
  <P Name="Location">[953, 0, 1927, 1167]</P>
  <P Name="SystemRect">[0.000000, 0.000000, 0.000000, 0.000000]</P>
  <P Name="Open">on</P>
  <P Name="SetExecutionDomain">off</P>
  <P Name="ExecutionDomainType">Deduce</P>
  <P Name="ZoomFactor">80</P>
  <P Name="SIDHighWatermark">2012</P>
  <P Name="SIDPrevWatermark">1938</P>
  <P Name="SimulinkSubDomain">Simulink</P>
  <Block BlockType="Inport" Name="w_prop" SID="64:281">
    <P Name="Position">[-125, 55, -105, 75]</P>
    <P Name="ZOrder">-1</P>
    <P Name="BackgroundColor">green</P>
  </Block>
  <Block BlockType="Inport" Name="P_demand" SID="64:1950">
    <P Name="Position">[-130, 230, -110, 250]</P>
    <P Name="ZOrder">9</P>
    <P Name="BackgroundColor">green</P>
    <P Name="Port">2</P>
    <Port>
      <P Name="PortNumber">1</P>
      <P Name="Name">p_dem_kW</P>
    </Port>
  </Block>
  <Block BlockType="Constant" Name="Constant" SID="64:2010">
    <P Name="Position">[950, 260, 980, 290]</P>
    <P Name="ZOrder">337</P>
    <P Name="Value">0</P>
  </Block>
  <Block BlockType="Constant" Name="Constant1" SID="64:2011">
    <P Name="Position">[950, 25, 980, 55]</P>
    <P Name="ZOrder">339</P>
    <P Name="Value">0</P>
  </Block>
  <Block BlockType="SubSystem" Name="Detect idle1" SID="64:1998">
    <P Name="Ports">[2, 1]</P>
    <P Name="Position">[840, 69, 915, 171]</P>
    <P Name="ZOrder">330</P>
    <P Name="RequestExecContextInheritance">off</P>
    <System Ref="system_64_1998"/>
  </Block>
  <Block BlockType="Gain" Name="Gain" SID="64:1975">
    <P Name="Position">[-65, 50, -35, 80]</P>
    <P Name="ZOrder">301</P>
    <P Name="Gain">DR</P>
  </Block>
  <Block BlockType="Gain" Name="Gain1" SID="64:2009">
    <P Name="Position">[735, 435, 765, 465]</P>
    <P Name="ZOrder">336</P>
    <P Name="Gain">-1</P>
  </Block>
  <Block BlockType="Lookup_n-D" Name="Lookup with&#xA;Linear Lagrange&#xA;Interpolation" SID="64:1972">
    <P Name="Ports">[1, 1]</P>
    <P Name="Position">[65, 105, 120, 155]</P>
    <P Name="ZOrder">299</P>
    <P Name="InputPortMap">u0</P>
    <P Name="NumberOfTableDimensions">1</P>
    <P Name="BreakpointsForDimension1">MaxLimit.(&apos;RPM&apos;)</P>
    <P Name="Table">MaxLimit.(&apos;Pow_kW_&apos;)</P>
    <P Name="InterpMethod">Linear Lagrange</P>
    <P Name="InternalRulePriority">Speed</P>
    <P Name="RndMeth">Simplest</P>
  </Block>
  <Block BlockType="SubSystem" Name="MATLAB Function1" SID="64:1985">
    <P Name="Ports">[2, 1]</P>
    <P Name="Position">[580, 43, 680, 127]</P>
    <P Name="ZOrder">317</P>
    <P Name="ErrorFcn">Stateflow.Translate.translate</P>
    <P Name="PermitHierarchicalResolution">ExplicitOnly</P>
    <P Name="TreatAsAtomicUnit">on</P>
    <P Name="RequestExecContextInheritance">off</P>
    <P Name="SFBlockType">MATLAB Function</P>
    <P Name="ContentPreviewEnabled">on</P>
    <System Ref="system_64_1985"/>
  </Block>
  <Block BlockType="MinMax" Name="Max" SID="64:1968">
    <P Name="Ports">[2, 1]</P>
    <P Name="Position">[195, 217, 225, 248]</P>
    <P Name="ZOrder">295</P>
    <P Name="Inputs">2</P>
    <Port>
      <P Name="PortNumber">1</P>
      <P Name="Name">p_dem_kW</P>
    </Port>
  </Block>
  <Block BlockType="Product" Name="Product" SID="64:1986">
    <P Name="Ports">[2, 1]</P>
    <P Name="Position">[775, 77, 805, 108]</P>
    <P Name="ZOrder">318</P>
  </Block>
  <Block BlockType="Scope" Name="Scope1" SID="64:1994">
    <P Name="Ports">[1]</P>
    <P Name="Position">[355, 304, 385, 336]</P>
    <P Name="ZOrder">327</P>
    <P Name="ScopeSpecificationString">Simulink.scopes.TimeScopeBlockCfg(&apos;CurrentConfiguration&apos;, extmgr.ConfigurationSet(extmgr.Configuration(&apos;Core&apos;,&apos;General UI&apos;,true),extmgr.Configuration(&apos;Core&apos;,&apos;Source UI&apos;,true),extmgr.Configuration(&apos;Sources&apos;,&apos;WiredSimulink&apos;,true,&apos;DataLoggingVariableName&apos;,&apos;ScopeData5&apos;),extmgr.Configuration(&apos;Visuals&apos;,&apos;Time Domain&apos;,true,&apos;SerializedDisplays&apos;,{struct(&apos;MinYLimReal&apos;,&apos;-56.04226&apos;,&apos;MaxYLimReal&apos;,&apos;494.38037&apos;,&apos;YLabelReal&apos;,&apos;&apos;,&apos;MinYLimMag&apos;,&apos;0.00000&apos;,&apos;MaxYLimMag&apos;,&apos;494.38037&apos;,&apos;LegendVisibility&apos;,&apos;off&apos;,&apos;XGrid&apos;,true,&apos;YGrid&apos;,true,&apos;PlotMagPhase&apos;,false,&apos;AxesColor&apos;,[0 0 0],&apos;AxesTickColor&apos;,[0.686274509803922 0.686274509803922 0.686274509803922],&apos;ColorOrder&apos;,[1 1 0.0666666666666667;0.0745098039215686 0.623529411764706 1;1 0.411764705882353 0.16078431372549;0.392156862745098 0.831372549019608 0.0745098039215686;0.717647058823529 0.274509803921569 1;0.0588235294117647 1 1;1 0.0745098039215686 0.650980392156863],&apos;Title&apos;,&apos;%&lt;SignalLabel&gt;&apos;,&apos;LinePropertiesCache&apos;,{{}},&apos;UserDefinedChannelNames&apos;,{{}},&apos;NumLines&apos;,1,&apos;LineNames&apos;,{{&apos;p_dem_kW&apos;}},&apos;ShowContent&apos;,true,&apos;Placement&apos;,1)},&apos;DisplayPropertyDefaults&apos;,struct(&apos;MinYLimReal&apos;,&apos;-56.04226&apos;,&apos;MaxYLimReal&apos;,&apos;494.38037&apos;,&apos;YLabelReal&apos;,&apos;&apos;,&apos;MinYLimMag&apos;,&apos;0.00000&apos;,&apos;MaxYLimMag&apos;,&apos;494.38037&apos;,&apos;LegendVisibility&apos;,&apos;off&apos;,&apos;XGrid&apos;,true,&apos;YGrid&apos;,true,&apos;PlotMagPhase&apos;,false,&apos;AxesColor&apos;,[0 0 0],&apos;AxesTickColor&apos;,[0.686274509803922 0.686274509803922 0.686274509803922],&apos;ColorOrder&apos;,[0.0745098039215686 0.623529411764706 1;1 0.411764705882353 0.16078431372549;1 1 0.0666666666666667;0.717647058823529 0.274509803921569 1;0.392156862745098 0.831372549019608 0.0745098039215686;0.0588235294117647 1 1;1 0.0745098039215686 0.650980392156863])),extmgr.Configuration(&apos;Tools&apos;,&apos;Plot Navigation&apos;,true),extmgr.Configuration(&apos;Tools&apos;,&apos;Measurements&apos;,true,&apos;Version&apos;,&apos;2021b&apos;)),&apos;Version&apos;,&apos;2021b&apos;,&apos;Position&apos;,[987 389 560 420])</P>
    <P Name="NumInputPorts">1</P>
    <P Name="Floating">off</P>
  </Block>
  <Block BlockType="Scope" Name="Scope2" SID="64:1995">
    <P Name="Ports">[1]</P>
    <P Name="Position">[1130, 239, 1160, 271]</P>
    <P Name="ZOrder">328</P>
    <P Name="ScopeSpecificationString">Simulink.scopes.TimeScopeBlockCfg(&apos;CurrentConfiguration&apos;, extmgr.ConfigurationSet(extmgr.Configuration(&apos;Core&apos;,&apos;General UI&apos;,true),extmgr.Configuration(&apos;Core&apos;,&apos;Source UI&apos;,true),extmgr.Configuration(&apos;Sources&apos;,&apos;WiredSimulink&apos;,true,&apos;DataLoggingVariableName&apos;,&apos;ScopeData7&apos;),extmgr.Configuration(&apos;Visuals&apos;,&apos;Time Domain&apos;,true,&apos;SerializedDisplays&apos;,{struct(&apos;MinYLimReal&apos;,&apos;-107.51333&apos;,&apos;MaxYLimReal&apos;,&apos;967.61998&apos;,&apos;YLabelReal&apos;,&apos;&apos;,&apos;MinYLimMag&apos;,&apos; 0.00000&apos;,&apos;MaxYLimMag&apos;,&apos;967.61998&apos;,&apos;LegendVisibility&apos;,&apos;off&apos;,&apos;XGrid&apos;,true,&apos;YGrid&apos;,true,&apos;PlotMagPhase&apos;,false,&apos;AxesColor&apos;,[0 0 0],&apos;AxesTickColor&apos;,[0.686274509803922 0.686274509803922 0.686274509803922],&apos;ColorOrder&apos;,[1 1 0.0666666666666667;0.0745098039215686 0.623529411764706 1;1 0.411764705882353 0.16078431372549;0.392156862745098 0.831372549019608 0.0745098039215686;0.717647058823529 0.274509803921569 1;0.0588235294117647 1 1;1 0.0745098039215686 0.650980392156863],&apos;Title&apos;,&apos;%&lt;SignalLabel&gt;&apos;,&apos;LinePropertiesCache&apos;,{{}},&apos;UserDefinedChannelNames&apos;,{{}},&apos;NumLines&apos;,1,&apos;LineNames&apos;,{{&apos;Switch&apos;}},&apos;ShowContent&apos;,true,&apos;Placement&apos;,1)},&apos;DisplayPropertyDefaults&apos;,struct(&apos;MinYLimReal&apos;,&apos;-107.51333&apos;,&apos;MaxYLimReal&apos;,&apos;967.61998&apos;,&apos;YLabelReal&apos;,&apos;&apos;,&apos;MinYLimMag&apos;,&apos; 0.00000&apos;,&apos;MaxYLimMag&apos;,&apos;967.61998&apos;,&apos;LegendVisibility&apos;,&apos;off&apos;,&apos;XGrid&apos;,true,&apos;YGrid&apos;,true,&apos;PlotMagPhase&apos;,false,&apos;AxesColor&apos;,[0 0 0],&apos;AxesTickColor&apos;,[0.686274509803922 0.686274509803922 0.686274509803922],&apos;ColorOrder&apos;,[0.0745098039215686 0.623529411764706 1;1 0.411764705882353 0.16078431372549;1 1 0.0666666666666667;0.717647058823529 0.274509803921569 1;0.392156862745098 0.831372549019608 0.0745098039215686;0.0588235294117647 1 1;1 0.0745098039215686 0.650980392156863])),extmgr.Configuration(&apos;Tools&apos;,&apos;Plot Navigation&apos;,true),extmgr.Configuration(&apos;Tools&apos;,&apos;Measurements&apos;,true,&apos;Version&apos;,&apos;2020b&apos;)),&apos;Version&apos;,&apos;2020b&apos;,&apos;Position&apos;,[680 390 560 408])</P>
    <P Name="NumInputPorts">1</P>
    <P Name="Floating">off</P>
  </Block>
  <Block BlockType="Switch" Name="Switch" SID="64:2008">
    <P Name="Position">[980, 330, 1030, 370]</P>
    <P Name="ZOrder">335</P>
    <P Name="Criteria">u2 &gt; Threshold</P>
    <P Name="InputSameDT">off</P>
    <P Name="SaturateOnIntegerOverflow">off</P>
  </Block>
  <Block BlockType="Switch" Name="Switch1" SID="64:2012">
    <P Name="Position">[1010, 85, 1060, 125]</P>
    <P Name="ZOrder">338</P>
    <P Name="Criteria">u2 &gt; Threshold</P>
    <P Name="InputSameDT">off</P>
    <P Name="SaturateOnIntegerOverflow">off</P>
  </Block>
  <Block BlockType="ToWorkspace" Name="To Workspace1" SID="64:1951">
    <P Name="Ports">[1]</P>
    <P Name="Position">[1100, 160, 1140, 180]</P>
    <P Name="ZOrder">331</P>
    <P Name="BackgroundColor">magenta</P>
    <P Name="NameLocation">top</P>
    <P Name="ShowName">off</P>
    <P Name="VariableName">m_CE_L</P>
    <P Name="MaxDataPoints">inf</P>
    <P Name="Save2DSignal">2-D array (concatenate along first dimension)</P>
    <P Name="SampleTime">-1</P>
  </Block>
  <Block BlockType="ToWorkspace" Name="To Workspace5" SID="64:321">
    <P Name="Ports">[1]</P>
    <P Name="Position">[1090, 365, 1130, 385]</P>
    <P Name="ZOrder">-15</P>
    <P Name="BackgroundColor">magenta</P>
    <P Name="NameLocation">top</P>
    <P Name="ShowName">off</P>
    <P Name="VariableName">P_CE_L</P>
    <P Name="MaxDataPoints">inf</P>
    <P Name="Save2DSignal">2-D array (concatenate along first dimension)</P>
    <P Name="SampleTime">-1</P>
  </Block>
  <Block BlockType="Outport" Name="P_CE" SID="64:324">
    <P Name="Position">[1110, 325, 1130, 345]</P>
    <P Name="ZOrder">-18</P>
    <P Name="BackgroundColor">red</P>
    <P Name="InitialOutput">0</P>
  </Block>
  <Block BlockType="Outport" Name="m_CE" SID="64:1952">
    <P Name="Position">[1110, 110, 1130, 130]</P>
    <P Name="ZOrder">332</P>
    <P Name="BackgroundColor">red</P>
    <P Name="Port">2</P>
    <P Name="InitialOutput">0</P>
  </Block>
  <Line>
    <P Name="ZOrder">4</P>
    <P Name="Src">64:281#out:1</P>
    <P Name="Dst">64:1975#in:1</P>
  </Line>
  <Line>
    <P Name="ZOrder">14</P>
    <P Name="Src">64:1972#out:1</P>
    <P Name="Points">[30, 0; 0, 95]</P>
    <P Name="Dst">64:1968#in:1</P>
  </Line>
  <Line>
    <P Name="ZOrder">15</P>
    <P Name="Src">64:1985#out:1</P>
    <P Name="Dst">64:1986#in:1</P>
  </Line>
  <Line>
    <P Name="ZOrder">16</P>
    <P Name="Src">64:1975#out:1</P>
    <P Name="Points">[61, 0]</P>
    <Branch>
      <P Name="ZOrder">91</P>
      <P Name="Points">[0, 65]</P>
      <P Name="Dst">64:1972#in:1</P>
    </Branch>
    <Branch>
      <P Name="ZOrder">17</P>
      <P Name="Dst">64:1985#in:1</P>
    </Branch>
  </Line>
  <Line>
    <P Name="Name">p_dem_kW</P>
    <P Name="ZOrder">28</P>
    <P Name="Labels">[1, 1]</P>
    <P Name="Src">64:1968#out:1</P>
    <P Name="Points">[80, 0]</P>
    <Branch>
      <P Name="ZOrder">134</P>
      <P Name="Points">[93, 0; 0, 100; 145, 0]</P>
      <Branch>
        <P Name="ZOrder">137</P>
        <P Name="Labels">[2, 0]</P>
        <P Name="Points">[0, 30]</P>
        <P Name="Dst">64:2008#in:3</P>
      </Branch>
      <Branch>
        <P Name="ZOrder">11</P>
        <P Name="Labels">[1, 1]</P>
        <P Name="Points">[0, -130]</P>
        <Branch>
          <P Name="ZOrder">12</P>
          <P Name="Labels">[1, 1]</P>
          <P Name="Points">[180, 0; 0, -60]</P>
          <Branch>
            <P Name="ZOrder">112</P>
            <P Name="Points">[0, -45]</P>
            <P Name="Dst">64:1986#in:2</P>
          </Branch>
          <Branch>
            <P Name="ZOrder">109</P>
            <P Name="Dst">64:1998#in:2</P>
          </Branch>
        </Branch>
        <Branch>
          <P Name="ZOrder">13</P>
          <P Name="Labels">[1, 1]</P>
          <P Name="Points">[0, -100]</P>
          <P Name="Dst">64:1985#in:2</P>
        </Branch>
      </Branch>
    </Branch>
    <Branch>
      <P Name="ZOrder">29</P>
      <P Name="Points">[0, 85]</P>
      <P Name="Dst">64:1994#in:1</P>
    </Branch>
  </Line>
  <Line>
    <P Name="Name">p_dem_kW</P>
    <P Name="ZOrder">33</P>
    <P Name="Labels">[1, 1]</P>
    <P Name="Src">64:1950#out:1</P>
    <P Name="Points">[164, 0]</P>
    <Branch>
      <P Name="ZOrder">118</P>
      <P Name="Points">[0, 210]</P>
      <P Name="Dst">64:2009#in:1</P>
    </Branch>
    <Branch>
      <P Name="ZOrder">117</P>
      <P Name="Dst">64:1968#in:2</P>
    </Branch>
  </Line>
  <Line>
    <P Name="ZOrder">113</P>
    <P Name="Src">64:1986#out:1</P>
    <P Name="Dst">64:1998#in:1</P>
  </Line>
  <Line>
    <P Name="ZOrder">119</P>
    <P Name="Src">64:2009#out:1</P>
    <P Name="Points">[63, 0; 0, -100; 105, 0]</P>
    <Branch>
      <P Name="ZOrder">128</P>
      <P Name="Points">[0, -245]</P>
      <P Name="Dst">64:2012#in:2</P>
    </Branch>
    <Branch>
      <P Name="ZOrder">127</P>
      <P Name="Dst">64:2008#in:2</P>
    </Branch>
  </Line>
  <Line>
    <P Name="ZOrder">136</P>
    <P Name="Src">64:2010#out:1</P>
    <P Name="Points">[21, 0; 0, 41; -47, 0; 0, 19]</P>
    <P Name="Dst">64:2008#in:1</P>
  </Line>
  <Line>
    <P Name="ZOrder">121</P>
    <P Name="Src">64:2008#out:1</P>
    <P Name="Points">[35, 0]</P>
    <Branch>
      <P Name="ZOrder">124</P>
      <P Name="Points">[0, -15]</P>
      <Branch>
        <P Name="ZOrder">133</P>
        <P Name="Points">[0, -80]</P>
        <P Name="Dst">64:1995#in:1</P>
      </Branch>
      <Branch>
        <P Name="ZOrder">132</P>
        <P Name="Dst">64:324#in:1</P>
      </Branch>
    </Branch>
    <Branch>
      <P Name="ZOrder">123</P>
      <P Name="Points">[0, 25]</P>
      <P Name="Dst">64:321#in:1</P>
    </Branch>
  </Line>
  <Line>
    <P Name="ZOrder">140</P>
    <P Name="Src">64:2011#out:1</P>
    <P Name="Points">[10, 0]</P>
    <P Name="Dst">64:2012#in:1</P>
  </Line>
  <Line>
    <P Name="ZOrder">139</P>
    <P Name="Src">64:1998#out:1</P>
    <P Name="Dst">64:2012#in:3</P>
  </Line>
  <Line>
    <P Name="ZOrder">129</P>
    <P Name="Src">64:2012#out:1</P>
    <P Name="Points">[20, 0; 0, 15]</P>
    <Branch>
      <P Name="ZOrder">141</P>
      <P Name="Dst">64:1951#in:1</P>
    </Branch>
    <Branch>
      <P Name="ZOrder">130</P>
      <P Name="Dst">64:1952#in:1</P>
    </Branch>
  </Line>
</System>
