<?xml version="1.0" encoding="utf-8"?>
<System>
  <P Name="Location">[953, 0, 1927, 1167]</P>
  <P Name="SystemRect">[0.000000, 0.000000, 0.000000, 0.000000]</P>
  <P Name="Open">on</P>
  <P Name="SetExecutionDomain">off</P>
  <P Name="ExecutionDomainType">Deduce</P>
  <P Name="SimulinkSubDomain">Simulink</P>
  <Block BlockType="Inport" Name="bsfc_live" SID="115:1956">
    <P Name="Position">[15, 173, 45, 187]</P>
    <P Name="ZOrder">2</P>
    <P Name="BackgroundColor">green</P>
  </Block>
  <Block BlockType="Inport" Name="P_demand" SID="115:1957">
    <P Name="Position">[15, 108, 45, 122]</P>
    <P Name="ZOrder">-3</P>
    <P Name="BackgroundColor">green</P>
    <P Name="Port">2</P>
  </Block>
  <Block BlockType="Constant" Name="Constant3" SID="115:1958">
    <P Name="Position">[15, 41, 85, 59]</P>
    <P Name="ZOrder">-4</P>
    <P Name="BackgroundColor">cyan</P>
    <P Name="ShowName">off</P>
    <P Name="Value">bsfc_idle_GE</P>
  </Block>
  <Block BlockType="Fcn" Name="Idle detection" SID="115:1959">
    <P Name="Position">[125, 99, 375, 131]</P>
    <P Name="ZOrder">-5</P>
    <P Name="BackgroundColor">yellow</P>
    <P Name="Expr"> (u== P_CE_idle)</P>
  </Block>
  <Block BlockType="Switch" Name="Switch2" SID="115:1960">
    <P Name="Position">[430, 17, 455, 213]</P>
    <P Name="ZOrder">-7</P>
    <P Name="ShowName">off</P>
    <P Name="Threshold">0.5</P>
  </Block>
  <Block BlockType="Outport" Name="bsfc" SID="115:1961">
    <P Name="Position">[490, 108, 520, 122]</P>
    <P Name="ZOrder">-8</P>
    <P Name="BackgroundColor">red</P>
    <P Name="InitialOutput">0</P>
  </Block>
  <Line>
    <P Name="ZOrder">1</P>
    <P Name="Src">115:1957#out:1</P>
    <P Name="Dst">115:1959#in:1</P>
  </Line>
  <Line>
    <P Name="ZOrder">2</P>
    <P Name="Src">115:1959#out:1</P>
    <P Name="Dst">115:1960#in:2</P>
  </Line>
  <Line>
    <P Name="ZOrder">3</P>
    <P Name="Src">115:1956#out:1</P>
    <P Name="Dst">115:1960#in:3</P>
  </Line>
  <Line>
    <P Name="ZOrder">4</P>
    <P Name="Src">115:1960#out:1</P>
    <P Name="Dst">115:1961#in:1</P>
  </Line>
  <Line>
    <P Name="ZOrder">5</P>
    <P Name="Src">115:1958#out:1</P>
    <P Name="Dst">115:1960#in:1</P>
  </Line>
</System>
