<?xml version="1.0" encoding="utf-8"?>
<System>
  <P Name="Location">[952, -8, 1928, 1168]</P>
  <P Name="SystemRect">[0.000000, 0.000000, 0.000000, 0.000000]</P>
  <P Name="SetExecutionDomain">off</P>
  <P Name="ExecutionDomainType">Deduce</P>
  <P Name="ZoomFactor">125</P>
  <P Name="SIDHighWatermark">1977</P>
  <P Name="SIDPrevWatermark">1938</P>
  <P Name="SimulinkSubDomain">Simulink</P>
  <Block BlockType="Inport" Name="RPM_des" SID="4:29">
    <P Name="Position">[35, 63, 65, 77]</P>
    <P Name="ZOrder">-1</P>
    <P Name="BackgroundColor">green</P>
  </Block>
  <Block BlockType="Inport" Name="mf_CE_L" SID="4:1948">
    <P Name="Position">[35, 228, 65, 242]</P>
    <P Name="ZOrder">315</P>
    <P Name="Port">2</P>
  </Block>
  <Block BlockType="Inport" Name="mf_GE_R" SID="4:1951">
    <P Name="Position">[35, 348, 65, 362]</P>
    <P Name="ZOrder">318</P>
    <P Name="Port">3</P>
  </Block>
  <Block BlockType="Inport" Name="mf_CE_R" SID="4:1950">
    <P Name="Position">[35, 288, 65, 302]</P>
    <P Name="ZOrder">317</P>
    <P Name="Port">4</P>
  </Block>
  <Block BlockType="Inport" Name="Current Speed (rpm)" SID="4:30">
    <P Name="Position">[35, 103, 65, 117]</P>
    <P Name="ZOrder">-2</P>
    <P Name="BackgroundColor">green</P>
    <P Name="Port">5</P>
  </Block>
  <Block BlockType="Demux" Name="Demux" SID="4:1958">
    <P Name="Ports">[1, 4]</P>
    <P Name="Position">[510, 76, 515, 114]</P>
    <P Name="ZOrder">325</P>
  </Block>
  <Block BlockType="SubSystem" Name="Distribute Power" SID="4:1962">
    <P Name="Ports">[2, 1]</P>
    <P Name="Position">[340, 66, 465, 119]</P>
    <P Name="ZOrder">329</P>
    <P Name="ErrorFcn">Stateflow.Translate.translate</P>
    <P Name="PermitHierarchicalResolution">ExplicitOnly</P>
    <P Name="TreatAsAtomicUnit">on</P>
    <P Name="RequestExecContextInheritance">off</P>
    <P Name="SFBlockType">MATLAB Function</P>
    <P Name="ContentPreviewEnabled">on</P>
    <System Ref="system_4_1962"/>
  </Block>
  <Block BlockType="FunctionCaller" Name="Function Caller" SID="4:1957">
    <P Name="Ports">[2, 1]</P>
    <P Name="Position">[935, 335, 1090, 395]</P>
    <P Name="ZOrder">330</P>
    <P Name="Commented">on</P>
    <P Name="FunctionPrototype">OP = power_distribute_func(power,rpm)</P>
    <P Name="InputArgumentSpecifications">double(1),double(1)</P>
    <P Name="OutputArgumentSpecifications">double([1,1,1,1])</P>
  </Block>
  <Block BlockType="Gain" Name="Gain" SID="4:1971">
    <P Name="Position">[265, 280, 295, 310]</P>
    <P Name="ZOrder">337</P>
    <P Name="Gain">1/3600</P>
  </Block>
  <Block BlockType="Gain" Name="Gain1" SID="4:1974">
    <P Name="Position">[275, 185, 305, 215]</P>
    <P Name="ZOrder">340</P>
    <P Name="Gain">1/1000</P>
  </Block>
  <Block BlockType="Integrator" Name="Integrator" SID="4:1972">
    <P Name="Ports">[1, 1]</P>
    <P Name="Position">[330, 280, 360, 310]</P>
    <P Name="ZOrder">338</P>
  </Block>
  <Block BlockType="Reference" Name="PID Controller" SID="4:1943">
    <P Name="Ports">[1, 1]</P>
    <P Name="Position">[200, 62, 240, 98]</P>
    <P Name="ZOrder">310</P>
    <P Name="LibraryVersion">3.1</P>
    <P Name="SourceBlock">slpidlib/PID Controller</P>
    <P Name="SourceType">PID 1dof</P>
    <P Name="SourceProductBaseCode">SL</P>
    <InstanceData>
      <P Name="RTWMemSecFuncInitTerm">Inherit from model</P>
      <P Name="RTWMemSecFuncExecute">Inherit from model</P>
      <P Name="RTWMemSecDataConstants">Inherit from model</P>
      <P Name="RTWMemSecDataInternal">Inherit from model</P>
      <P Name="RTWMemSecDataParameters">Inherit from model</P>
      <P Name="ContentPreviewEnabled">on</P>
      <P Name="Controller">PID</P>
      <P Name="Form">Parallel</P>
      <P Name="TimeDomain">Continuous-time</P>
      <P Name="UseExternalTs">off</P>
      <P Name="SampleTime">-1</P>
      <P Name="IntegratorMethod">Forward Euler</P>
      <P Name="FilterMethod">Forward Euler</P>
      <P Name="ControllerParametersSource">internal</P>
      <P Name="P">1.27731937948155</P>
      <P Name="I">0.314602230470785</P>
      <P Name="D">0.413734700213223</P>
      <P Name="UseFilter">on</P>
      <P Name="N">0.624884340967824</P>
      <P Name="TunerSelectOption">Transfer Function Based (PID Tuner App)</P>
      <P Name="ZeroCross">on</P>
      <P Name="InitialConditionSource">internal</P>
      <P Name="InitialConditionForIntegrator">0</P>
      <P Name="InitialConditionForFilter">0</P>
      <P Name="DifferentiatorICPrevScaledInput">0</P>
      <P Name="ExternalReset">none</P>
      <P Name="IgnoreLimit">off</P>
      <P Name="TrackingMode">off</P>
      <P Name="Kt">1</P>
      <P Name="LimitOutput">on</P>
      <P Name="SatLimitsSource">internal</P>
      <P Name="UpperSaturationLimit">inf</P>
      <P Name="LowerSaturationLimit">0</P>
      <P Name="LinearizeAsGain">on</P>
      <P Name="AntiWindupMode">none</P>
      <P Name="Kb">1</P>
      <P Name="RndMeth">Floor</P>
      <P Name="SaturateOnIntegerOverflow">off</P>
      <P Name="LockScale">off</P>
      <P Name="PGainOutDataTypeStr">Inherit: Inherit via internal rule</P>
      <P Name="PProdOutDataTypeStr">Inherit: Inherit via internal rule</P>
      <P Name="POutMin">[]</P>
      <P Name="POutMax">[]</P>
      <P Name="IGainOutDataTypeStr">Inherit: Inherit via internal rule</P>
      <P Name="IProdOutDataTypeStr">Inherit: Inherit via internal rule</P>
      <P Name="IOutMin">[]</P>
      <P Name="IOutMax">[]</P>
      <P Name="DGainOutDataTypeStr">Inherit: Inherit via internal rule</P>
      <P Name="DProdOutDataTypeStr">Inherit: Inherit via internal rule</P>
      <P Name="DOutMin">[]</P>
      <P Name="DOutMax">[]</P>
      <P Name="NGainOutDataTypeStr">Inherit: Inherit via internal rule</P>
      <P Name="NProdOutDataTypeStr">Inherit: Inherit via internal rule</P>
      <P Name="NOutMin">[]</P>
      <P Name="NOutMax">[]</P>
      <P Name="SumOutDataTypeStr">Inherit: Inherit via internal rule</P>
      <P Name="SumOutMin">[]</P>
      <P Name="SumOutMax">[]</P>
      <P Name="SaturationOutDataTypeStr">Inherit: Same as input</P>
      <P Name="SaturationOutMin">[]</P>
      <P Name="SaturationOutMax">[]</P>
      <P Name="PParamDataTypeStr">Inherit: Inherit via internal rule</P>
      <P Name="PParamMin">[]</P>
      <P Name="PParamMax">[]</P>
      <P Name="IParamDataTypeStr">Inherit: Inherit via internal rule</P>
      <P Name="IParamMin">[]</P>
      <P Name="IParamMax">[]</P>
      <P Name="DParamDataTypeStr">Inherit: Inherit via internal rule</P>
      <P Name="DParamMin">[]</P>
      <P Name="DParamMax">[]</P>
      <P Name="NParamDataTypeStr">Inherit: Inherit via internal rule</P>
      <P Name="NParamMin">[]</P>
      <P Name="NParamMax">[]</P>
      <P Name="KbParamDataTypeStr">Inherit: Inherit via internal rule</P>
      <P Name="KbParamMin">[]</P>
      <P Name="KbParamMax">[]</P>
      <P Name="KtParamDataTypeStr">Inherit: Inherit via internal rule</P>
      <P Name="KtParamMin">[]</P>
      <P Name="KtParamMax">[]</P>
      <P Name="KbOutDataTypeStr">Inherit: Inherit via internal rule</P>
      <P Name="KbOutMin">[]</P>
      <P Name="KbOutMax">[]</P>
      <P Name="KtOutDataTypeStr">Inherit: Inherit via internal rule</P>
      <P Name="KtOutMin">[]</P>
      <P Name="KtOutMax">[]</P>
      <P Name="IntegratorOutDataTypeStr">Inherit: Inherit via internal rule</P>
      <P Name="IntegratorOutMin">[]</P>
      <P Name="IntegratorOutMax">[]</P>
      <P Name="FilterOutDataTypeStr">Inherit: Inherit via internal rule</P>
      <P Name="FilterOutMin">[]</P>
      <P Name="FilterOutMax">[]</P>
      <P Name="SumI1OutDataTypeStr">Inherit: Inherit via internal rule</P>
      <P Name="SumI1OutMin">[]</P>
      <P Name="SumI1OutMax">[]</P>
      <P Name="SumI2OutDataTypeStr">Inherit: Inherit via internal rule</P>
      <P Name="SumI2OutMin">[]</P>
      <P Name="SumI2OutMax">[]</P>
      <P Name="SumI3OutDataTypeStr">Inherit: Inherit via internal rule</P>
      <P Name="SumI3OutMin">[]</P>
      <P Name="SumI3OutMax">[]</P>
      <P Name="SumI4OutDataTypeStr">Inherit: Inherit via internal rule</P>
      <P Name="SumI4OutMin">[]</P>
      <P Name="SumI4OutMax">[]</P>
      <P Name="SumDOutDataTypeStr">Inherit: Inherit via internal rule</P>
      <P Name="SumDOutMin">[]</P>
      <P Name="SumDOutMax">[]</P>
      <P Name="SumAccumDataTypeStr">Inherit: Inherit via internal rule</P>
      <P Name="SumI1AccumDataTypeStr">Inherit: Inherit via internal rule</P>
      <P Name="SumI2AccumDataTypeStr">Inherit: Inherit via internal rule</P>
      <P Name="SumI3AccumDataTypeStr">Inherit: Inherit via internal rule</P>
      <P Name="SumI4AccumDataTypeStr">Inherit: Inherit via internal rule</P>
      <P Name="SumDAccumDataTypeStr">Inherit: Inherit via internal rule</P>
      <P Name="DifferentiatorOutDataTypeStr">Inherit: Inherit via internal rule</P>
      <P Name="DifferentiatorOutMin">[]</P>
      <P Name="DifferentiatorOutMax">[]</P>
      <P Name="FilterDiffNumProductOutputDataTypeStr">Inherit: Inherit via internal rule</P>
      <P Name="FilterDiffDenProductOutputDataTypeStr">Inherit: Inherit via internal rule</P>
      <P Name="FilterDiffNumAccumDataTypeStr">Inherit: Inherit via internal rule</P>
      <P Name="FilterDiffDenAccumDataTypeStr">Inherit: Inherit via internal rule</P>
      <P Name="FilterDiffOutCoefDataTypeStr">Inherit: Inherit via internal rule</P>
      <P Name="FilterDiffOutCoefMin">[]</P>
      <P Name="FilterDiffOutCoefMax">[]</P>
      <P Name="ReciprocalOutDataTypeStr">Inherit: Inherit via internal rule</P>
      <P Name="ReciprocalOutMin">[]</P>
      <P Name="ReciprocalOutMax">[]</P>
      <P Name="SumDenOutDataTypeStr">Inherit: Inherit via internal rule</P>
      <P Name="SumDenOutMin">[]</P>
      <P Name="SumDenOutMax">[]</P>
      <P Name="SumNumOutDataTypeStr">Inherit: Inherit via internal rule</P>
      <P Name="SumNumOutMin">[]</P>
      <P Name="SumNumOutMax">[]</P>
      <P Name="SumDenAccumDataTypeStr">Inherit: Inherit via internal rule</P>
      <P Name="SumNumAccumDataTypeStr">Inherit: Inherit via internal rule</P>
      <P Name="DivideOutDataTypeStr">Inherit: Inherit via internal rule</P>
      <P Name="DivideOutMin">[]</P>
      <P Name="DivideOutMax">[]</P>
      <P Name="UdiffTsProdOutDataTypeStr">Inherit: Inherit via internal rule</P>
      <P Name="UdiffTsProdOutMin">[]</P>
      <P Name="UdiffTsProdOutMax">[]</P>
      <P Name="NTsProdOutDataTypeStr">Inherit: Inherit via internal rule</P>
      <P Name="NTsProdOutMin">[]</P>
      <P Name="NTsProdOutMax">[]</P>
      <P Name="UintegralTsProdOutDataTypeStr">Inherit: Inherit via internal rule</P>
      <P Name="UintegralTsProdOutMin">[]</P>
      <P Name="UintegralTsProdOutMax">[]</P>
      <P Name="UngainTsProdOutDataTypeStr">Inherit: Inherit via internal rule</P>
      <P Name="UngainTsProdOutMin">[]</P>
      <P Name="UngainTsProdOutMax">[]</P>
      <P Name="IntegratorContinuousStateAttributes">&apos;&apos;</P>
      <P Name="IntegratorStateMustResolveToSignalObject">off</P>
      <P Name="IntegratorRTWStateStorageClass">Auto</P>
      <P Name="FilterContinuousStateAttributes">&apos;&apos;</P>
      <P Name="FilterStateMustResolveToSignalObject">off</P>
      <P Name="FilterRTWStateStorageClass">Auto</P>
      <P Name="ParallelPVariant">InternalParameters</P>
      <P Name="IdealPVariant">Disabled</P>
      <P Name="IVariant">InternalParameters</P>
      <P Name="DVariant">InternalParameters</P>
      <P Name="IntegratorVariant">Continuous</P>
      <P Name="SatVariant">Enabled</P>
      <P Name="AWVariant">Passthrough</P>
      <P Name="PCopyVariant">Disabled</P>
      <P Name="TRVariant">Disabled</P>
      <P Name="FdbkBlocksVariant">Forward</P>
      <P Name="IdealPFdbkVariant">Disabled</P>
      <P Name="SatFdbkVariant">Disabled</P>
      <P Name="DerivativeFilterVariant">ContFilter</P>
      <P Name="NVariant">InternalParameters</P>
      <P Name="NCopyVariant">Disabled</P>
      <P Name="FilterICVariant">InternalICsFilter</P>
      <P Name="IntegratorICVariant">InternalICs</P>
      <P Name="ExternalResetVariant">Disabled</P>
      <P Name="TRSumVariant">Passthrough</P>
      <P Name="SumFdbkVariant">Disabled</P>
      <P Name="SumVariant">Sum_PID</P>
      <P Name="TsampFilterVariant">InternalTs</P>
      <P Name="TsampNgainVariant">Passthrough</P>
      <P Name="TsampIntegralVariant">Passthrough</P>
      <P Name="ExternalSaturationOutDataTypeStr">Inherit: Same as second input</P>
      <P Name="InitialConditionSetting">Auto</P>
    </InstanceData>
  </Block>
  <Block BlockType="Saturate" Name="Saturation" SID="4:1970">
    <P Name="Position">[265, 65, 295, 95]</P>
    <P Name="ZOrder">336</P>
    <P Name="UpperLimit">inf</P>
    <P Name="LowerLimit">0</P>
  </Block>
  <Block BlockType="Scope" Name="Scope" SID="4:1961">
    <P Name="Ports">[1]</P>
    <P Name="Position">[510, 184, 540, 216]</P>
    <P Name="ZOrder">328</P>
    <P Name="ScopeSpecificationString">Simulink.scopes.TimeScopeBlockCfg(&apos;CurrentConfiguration&apos;, extmgr.ConfigurationSet(extmgr.Configuration(&apos;Core&apos;,&apos;General UI&apos;,true),extmgr.Configuration(&apos;Core&apos;,&apos;Source UI&apos;,true),extmgr.Configuration(&apos;Sources&apos;,&apos;WiredSimulink&apos;,true,&apos;DataLoggingVariableName&apos;,&apos;ScopeData1&apos;),extmgr.Configuration(&apos;Visuals&apos;,&apos;Time Domain&apos;,true,&apos;SerializedDisplays&apos;,{struct(&apos;MinYLimReal&apos;,&apos;-3649.37943&apos;,&apos;MaxYLimReal&apos;,&apos;32844.41488&apos;,&apos;YLabelReal&apos;,&apos;&apos;,&apos;MinYLimMag&apos;,&apos;  0.00000&apos;,&apos;MaxYLimMag&apos;,&apos;32844.41488&apos;,&apos;LegendVisibility&apos;,&apos;off&apos;,&apos;XGrid&apos;,true,&apos;YGrid&apos;,true,&apos;PlotMagPhase&apos;,false,&apos;AxesColor&apos;,[0 0 0],&apos;AxesTickColor&apos;,[0.686274509803922 0.686274509803922 0.686274509803922],&apos;ColorOrder&apos;,[1 1 0.0666666666666667;0.0745098039215686 0.623529411764706 1;1 0.411764705882353 0.16078431372549;0.392156862745098 0.831372549019608 0.0745098039215686;0.717647058823529 0.274509803921569 1;0.0588235294117647 1 1;1 0.0745098039215686 0.650980392156863],&apos;Title&apos;,&apos;%&lt;SignalLabel&gt;&apos;,&apos;LinePropertiesCache&apos;,{{}},&apos;UserDefinedChannelNames&apos;,{{}},&apos;NumLines&apos;,1,&apos;LineNames&apos;,{{&apos;Integrator&apos;}},&apos;ShowContent&apos;,true,&apos;Placement&apos;,1)},&apos;DisplayPropertyDefaults&apos;,struct(&apos;MinYLimReal&apos;,&apos;-3649.37943&apos;,&apos;MaxYLimReal&apos;,&apos;32844.41488&apos;,&apos;YLabelReal&apos;,&apos;&apos;,&apos;MinYLimMag&apos;,&apos;  0.00000&apos;,&apos;MaxYLimMag&apos;,&apos;32844.41488&apos;,&apos;LegendVisibility&apos;,&apos;off&apos;,&apos;XGrid&apos;,true,&apos;YGrid&apos;,true,&apos;PlotMagPhase&apos;,false,&apos;AxesColor&apos;,[0 0 0],&apos;AxesTickColor&apos;,[0.686274509803922 0.686274509803922 0.686274509803922],&apos;ColorOrder&apos;,[0.0745098039215686 0.623529411764706 1;1 0.411764705882353 0.16078431372549;1 1 0.0666666666666667;0.717647058823529 0.274509803921569 1;0.392156862745098 0.831372549019608 0.0745098039215686;0.0588235294117647 1 1;1 0.0745098039215686 0.650980392156863])),extmgr.Configuration(&apos;Tools&apos;,&apos;Plot Navigation&apos;,true),extmgr.Configuration(&apos;Tools&apos;,&apos;Measurements&apos;,true,&apos;Version&apos;,&apos;2020b&apos;)),&apos;Version&apos;,&apos;2020b&apos;)</P>
    <P Name="NumInputPorts">1</P>
    <P Name="Floating">off</P>
  </Block>
  <Block BlockType="Scope" Name="Scope1" SID="4:1973">
    <P Name="Ports">[1]</P>
    <P Name="Position">[370, 184, 400, 216]</P>
    <P Name="ZOrder">339</P>
    <P Name="ScopeSpecificationString">Simulink.scopes.TimeScopeBlockCfg(&apos;CurrentConfiguration&apos;, extmgr.ConfigurationSet(extmgr.Configuration(&apos;Core&apos;,&apos;General UI&apos;,true),extmgr.Configuration(&apos;Core&apos;,&apos;Source UI&apos;,true),extmgr.Configuration(&apos;Sources&apos;,&apos;WiredSimulink&apos;,true,&apos;DataLoggingVariableName&apos;,&apos;ScopeData5&apos;),extmgr.Configuration(&apos;Visuals&apos;,&apos;Time Domain&apos;,true,&apos;SerializedDisplays&apos;,{struct(&apos;MinYLimReal&apos;,&apos;-86.06151&apos;,&apos;MaxYLimReal&apos;,&apos;774.55363&apos;,&apos;YLabelReal&apos;,&apos;&apos;,&apos;MinYLimMag&apos;,&apos;0.00000&apos;,&apos;MaxYLimMag&apos;,&apos;774.55363&apos;,&apos;LegendVisibility&apos;,&apos;off&apos;,&apos;XGrid&apos;,true,&apos;YGrid&apos;,true,&apos;PlotMagPhase&apos;,false,&apos;AxesColor&apos;,[0 0 0],&apos;AxesTickColor&apos;,[0.686274509803922 0.686274509803922 0.686274509803922],&apos;ColorOrder&apos;,[1 1 0.0666666666666667;0.0745098039215686 0.623529411764706 1;1 0.411764705882353 0.16078431372549;0.392156862745098 0.831372549019608 0.0745098039215686;0.717647058823529 0.274509803921569 1;0.0588235294117647 1 1;1 0.0745098039215686 0.650980392156863],&apos;Title&apos;,&apos;%&lt;SignalLabel&gt;&apos;,&apos;LinePropertiesCache&apos;,{{}},&apos;UserDefinedChannelNames&apos;,{{}},&apos;NumLines&apos;,1,&apos;LineNames&apos;,{{&apos;Gain1&apos;}},&apos;ShowContent&apos;,true,&apos;Placement&apos;,1)},&apos;DisplayPropertyDefaults&apos;,struct(&apos;MinYLimReal&apos;,&apos;-86.06151&apos;,&apos;MaxYLimReal&apos;,&apos;774.55363&apos;,&apos;YLabelReal&apos;,&apos;&apos;,&apos;MinYLimMag&apos;,&apos;0.00000&apos;,&apos;MaxYLimMag&apos;,&apos;774.55363&apos;,&apos;LegendVisibility&apos;,&apos;off&apos;,&apos;XGrid&apos;,true,&apos;YGrid&apos;,true,&apos;PlotMagPhase&apos;,false,&apos;AxesColor&apos;,[0 0 0],&apos;AxesTickColor&apos;,[0.686274509803922 0.686274509803922 0.686274509803922],&apos;ColorOrder&apos;,[0.0745098039215686 0.623529411764706 1;1 0.411764705882353 0.16078431372549;1 1 0.0666666666666667;0.717647058823529 0.274509803921569 1;0.392156862745098 0.831372549019608 0.0745098039215686;0.0588235294117647 1 1;1 0.0745098039215686 0.650980392156863])),extmgr.Configuration(&apos;Tools&apos;,&apos;Plot Navigation&apos;,true),extmgr.Configuration(&apos;Tools&apos;,&apos;Measurements&apos;,true,&apos;Version&apos;,&apos;2021b&apos;)),&apos;Version&apos;,&apos;2021b&apos;)</P>
    <P Name="NumInputPorts">1</P>
    <P Name="Floating">off</P>
  </Block>
  <Block BlockType="Scope" Name="Scope2" SID="4:1975">
    <P Name="Ports">[1]</P>
    <P Name="Position">[385, -41, 415, -9]</P>
    <P Name="ZOrder">341</P>
    <P Name="ScopeSpecificationString">Simulink.scopes.TimeScopeBlockCfg(&apos;CurrentConfiguration&apos;, extmgr.ConfigurationSet(extmgr.Configuration(&apos;Core&apos;,&apos;General UI&apos;,true),extmgr.Configuration(&apos;Core&apos;,&apos;Source UI&apos;,true),extmgr.Configuration(&apos;Sources&apos;,&apos;WiredSimulink&apos;,true,&apos;DataLoggingVariableName&apos;,&apos;ScopeData1&apos;),extmgr.Configuration(&apos;Visuals&apos;,&apos;Time Domain&apos;,true,&apos;SerializedDisplays&apos;,{struct(&apos;MinYLimReal&apos;,&apos;2.00157&apos;,&apos;MaxYLimReal&apos;,&apos;22.46737&apos;,&apos;YLabelReal&apos;,&apos;&apos;,&apos;MinYLimMag&apos;,&apos;2.00157&apos;,&apos;MaxYLimMag&apos;,&apos;22.46737&apos;,&apos;LegendVisibility&apos;,&apos;off&apos;,&apos;XGrid&apos;,true,&apos;YGrid&apos;,true,&apos;PlotMagPhase&apos;,false,&apos;AxesColor&apos;,[0 0 0],&apos;AxesTickColor&apos;,[0.686274509803922 0.686274509803922 0.686274509803922],&apos;ColorOrder&apos;,[1 1 0.0666666666666667;0.0745098039215686 0.623529411764706 1;1 0.411764705882353 0.16078431372549;0.392156862745098 0.831372549019608 0.0745098039215686;0.717647058823529 0.274509803921569 1;0.0588235294117647 1 1;1 0.0745098039215686 0.650980392156863],&apos;Title&apos;,&apos;%&lt;SignalLabel&gt;&apos;,&apos;LinePropertiesCache&apos;,{{}},&apos;UserDefinedChannelNames&apos;,{{}},&apos;NumLines&apos;,1,&apos;LineNames&apos;,{{&apos;Saturation&apos;}},&apos;ShowContent&apos;,true,&apos;Placement&apos;,1)},&apos;DisplayPropertyDefaults&apos;,struct(&apos;MinYLimReal&apos;,&apos;2.00157&apos;,&apos;MaxYLimReal&apos;,&apos;22.46737&apos;,&apos;YLabelReal&apos;,&apos;&apos;,&apos;MinYLimMag&apos;,&apos;2.00157&apos;,&apos;MaxYLimMag&apos;,&apos;22.46737&apos;,&apos;LegendVisibility&apos;,&apos;off&apos;,&apos;XGrid&apos;,true,&apos;YGrid&apos;,true,&apos;PlotMagPhase&apos;,false,&apos;AxesColor&apos;,[0 0 0],&apos;AxesTickColor&apos;,[0.686274509803922 0.686274509803922 0.686274509803922],&apos;ColorOrder&apos;,[0.0745098039215686 0.623529411764706 1;1 0.411764705882353 0.16078431372549;1 1 0.0666666666666667;0.717647058823529 0.274509803921569 1;0.392156862745098 0.831372549019608 0.0745098039215686;0.0588235294117647 1 1;1 0.0745098039215686 0.650980392156863])),extmgr.Configuration(&apos;Tools&apos;,&apos;Plot Navigation&apos;,true,&apos;OnceAtStop&apos;,false,&apos;PreviousAutoscale&apos;,&apos;XY&apos;),extmgr.Configuration(&apos;Tools&apos;,&apos;Measurements&apos;,true,&apos;Version&apos;,&apos;2021b&apos;)),&apos;Version&apos;,&apos;2021b&apos;,&apos;Position&apos;,[598 368 798 543])</P>
    <P Name="NumInputPorts">1</P>
    <P Name="Floating">off</P>
  </Block>
  <Block BlockType="Sum" Name="Subtract" SID="4:1944">
    <P Name="Ports">[2, 1]</P>
    <P Name="Position">[120, 62, 150, 93]</P>
    <P Name="ZOrder">311</P>
    <P Name="IconShape">rectangular</P>
    <P Name="Inputs">+-</P>
  </Block>
  <Block BlockType="Sum" Name="Sum" SID="4:1959">
    <P Name="Ports">[3, 1]</P>
    <P Name="Position">[190, 280, 220, 310]</P>
    <P Name="ZOrder">326</P>
    <P Name="Inputs">|+++|</P>
  </Block>
  <Block BlockType="ToWorkspace" Name="To Workspace" SID="4:1960">
    <P Name="Ports">[1]</P>
    <P Name="Position">[455, 280, 545, 310]</P>
    <P Name="ZOrder">327</P>
    <P Name="VariableName">m_fuel</P>
    <P Name="MaxDataPoints">inf</P>
    <P Name="Save2DSignal">2-D array (concatenate along first dimension)</P>
    <P Name="FixptAsFi">on</P>
    <P Name="SampleTime">-1</P>
  </Block>
  <Block BlockType="Outport" Name="Pd_CE_L" SID="4:35">
    <P Name="Position">[620, 43, 650, 57]</P>
    <P Name="ZOrder">-7</P>
    <P Name="BackgroundColor">red</P>
    <P Name="InitialOutput">0</P>
  </Block>
  <Block BlockType="Outport" Name="Pd_GE_R" SID="4:1947">
    <P Name="Position">[620, 103, 650, 117]</P>
    <P Name="ZOrder">314</P>
    <P Name="BackgroundColor">red</P>
    <P Name="Port">2</P>
    <P Name="InitialOutput">0</P>
  </Block>
  <Block BlockType="Outport" Name="Pd_GE_L" SID="4:1952">
    <P Name="Position">[620, 133, 650, 147]</P>
    <P Name="ZOrder">319</P>
    <P Name="BackgroundColor">red</P>
    <P Name="Port">3</P>
    <P Name="InitialOutput">0</P>
  </Block>
  <Block BlockType="Outport" Name="Pd_CE_R" SID="4:1945">
    <P Name="Position">[620, 73, 650, 87]</P>
    <P Name="ZOrder">312</P>
    <P Name="BackgroundColor">red</P>
    <P Name="Port">4</P>
    <P Name="InitialOutput">0</P>
  </Block>
  <Line>
    <P Name="ZOrder">1</P>
    <P Name="Src">4:30#out:1</P>
    <P Name="Points">[33, 0; 0, -5]</P>
    <Branch>
      <P Name="ZOrder">32</P>
      <P Name="Dst">4:1962#in:2</P>
    </Branch>
    <Branch>
      <P Name="ZOrder">9</P>
      <P Name="Points">[0, -20]</P>
      <P Name="Dst">4:1944#in:2</P>
    </Branch>
  </Line>
  <Line>
    <P Name="ZOrder">2</P>
    <P Name="Src">4:29#out:1</P>
    <P Name="Dst">4:1944#in:1</P>
  </Line>
  <Line>
    <P Name="ZOrder">4</P>
    <P Name="Src">4:1944#out:1</P>
    <P Name="Dst">4:1943#in:1</P>
  </Line>
  <Line>
    <P Name="ZOrder">19</P>
    <P Name="Src">4:1951#out:1</P>
    <P Name="Points">[23, 0; 0, -39]</P>
    <P Name="Dst">4:1959#in:3</P>
  </Line>
  <Line>
    <P Name="ZOrder">18</P>
    <P Name="Src">4:1950#out:1</P>
    <P Name="Dst">4:1959#in:2</P>
  </Line>
  <Line>
    <P Name="ZOrder">31</P>
    <P Name="Src">4:1943#out:1</P>
    <P Name="Dst">4:1970#in:1</P>
  </Line>
  <Line>
    <P Name="ZOrder">34</P>
    <P Name="Src">4:1962#out:1</P>
    <P Name="Dst">4:1958#in:1</P>
  </Line>
  <Line>
    <P Name="ZOrder">13</P>
    <P Name="Src">4:1958#out:1</P>
    <P Name="Points">[46, 0; 0, -30]</P>
    <P Name="Dst">4:35#in:1</P>
  </Line>
  <Line>
    <P Name="ZOrder">14</P>
    <P Name="Src">4:1958#out:4</P>
    <P Name="Points">[45, 0; 0, 30]</P>
    <P Name="Dst">4:1952#in:1</P>
  </Line>
  <Line>
    <P Name="ZOrder">15</P>
    <P Name="Src">4:1958#out:2</P>
    <P Name="Points">[73, 0; 0, -10]</P>
    <P Name="Dst">4:1945#in:1</P>
  </Line>
  <Line>
    <P Name="ZOrder">16</P>
    <P Name="Src">4:1958#out:3</P>
    <P Name="Points">[70, 0; 0, 10]</P>
    <P Name="Dst">4:1947#in:1</P>
  </Line>
  <Line>
    <P Name="ZOrder">17</P>
    <P Name="Src">4:1948#out:1</P>
    <P Name="Points">[23, 0; 0, 39]</P>
    <P Name="Dst">4:1959#in:1</P>
  </Line>
  <Line>
    <P Name="ZOrder">20</P>
    <P Name="Src">4:1959#out:1</P>
    <P Name="Points">[13, 0]</P>
    <Branch>
      <P Name="ZOrder">61</P>
      <P Name="Points">[0, -95]</P>
      <P Name="Dst">4:1974#in:1</P>
    </Branch>
    <Branch>
      <P Name="ZOrder">60</P>
      <P Name="Dst">4:1971#in:1</P>
    </Branch>
  </Line>
  <Line>
    <P Name="ZOrder">56</P>
    <P Name="Src">4:1970#out:1</P>
    <P Name="Points">[15, 0]</P>
    <Branch>
      <P Name="ZOrder">70</P>
      <P Name="Points">[0, -105]</P>
      <P Name="Dst">4:1975#in:1</P>
    </Branch>
    <Branch>
      <P Name="ZOrder">69</P>
      <P Name="Dst">4:1962#in:1</P>
    </Branch>
  </Line>
  <Line>
    <P Name="ZOrder">58</P>
    <P Name="Src">4:1971#out:1</P>
    <P Name="Dst">4:1972#in:1</P>
  </Line>
  <Line>
    <P Name="ZOrder">59</P>
    <P Name="Src">4:1972#out:1</P>
    <P Name="Points">[71, 0]</P>
    <Branch>
      <P Name="ZOrder">57</P>
      <P Name="Dst">4:1960#in:1</P>
    </Branch>
    <Branch>
      <P Name="ZOrder">22</P>
      <P Name="Points">[0, -95]</P>
      <P Name="Dst">4:1961#in:1</P>
    </Branch>
  </Line>
  <Line>
    <P Name="ZOrder">68</P>
    <P Name="Src">4:1974#out:1</P>
    <P Name="Dst">4:1973#in:1</P>
  </Line>
  <Annotation SID="4:1751">
    <P Name="Name">Control Unit: custom designed</P>
    <P Name="Position">[136, 7, 271, 21]</P>
    <P Name="InternalMargins">[0, 0, 0, 0]</P>
    <P Name="HorizontalAlignment">center</P>
    <P Name="VerticalAlignment">middle</P>
    <P Name="ZOrder">-1</P>
  </Annotation>
</System>
