<?xml version="1.0" encoding="utf-8"?>
<System>
  <P Name="Location">[953, 0, 1927, 1167]</P>
  <P Name="SystemRect">[0.000000, 0.000000, 0.000000, 0.000000]</P>
  <P Name="Open">on</P>
  <P Name="SetExecutionDomain">off</P>
  <P Name="ExecutionDomainType">Deduce</P>
  <P Name="ReportName">simulink-default.rpt</P>
  <P Name="SIDHighWatermark">11</P>
  <P Name="SimulinkSubDomain">Simulink</P>
  <Block BlockType="Gain" Name="Engine Rotational Inertia " SID="5">
    <P Name="Position">[490, 320, 520, 350]</P>
    <P Name="ZOrder">311</P>
  </Block>
  <Block BlockType="TransferFcn" Name="Engine Time Delay" SID="1">
    <P Name="Position">[225, 309, 345, 361]</P>
    <P Name="ZOrder">1</P>
    <P Name="Denominator">[Tau_de 1]</P>
  </Block>
  <Block BlockType="Lookup_n-D" Name="Lookup with&#xA;Linear Point-slope&#xA;Interpolation" SID="11">
    <P Name="Ports">[1, 1]</P>
    <P Name="Position">[95, 303, 160, 367]</P>
    <P Name="ZOrder">313</P>
    <P Name="InputPortMap">u0</P>
    <P Name="NumberOfTableDimensions">1</P>
    <P Name="BreakpointsForDimension1">Res_Torque.(&apos;RPMEngine&apos;)</P>
    <P Name="Table">Res_Torque.(&apos;TorqueNM&apos;)</P>
    <P Name="InternalRulePriority">Speed</P>
    <P Name="RndMeth">Simplest</P>
    <Port>
      <P Name="PortNumber">1</P>
      <P Name="Name">T_res</P>
    </Port>
  </Block>
  <Block BlockType="Reference" Name="PID Controller" SID="4">
    <P Name="Ports">[1, 1]</P>
    <P Name="Position">[145, 157, 185, 193]</P>
    <P Name="ZOrder">310</P>
    <P Name="Commented">on</P>
    <P Name="LibraryVersion">2.31</P>
    <P Name="SourceBlock">pid_lib/PID Controller</P>
    <P Name="SourceType">PID 1dof</P>
    <P Name="SourceProductBaseCode">SL</P>
    <InstanceData>
      <P Name="RTWMemSecFuncInitTerm">Inherit from model</P>
      <P Name="RTWMemSecFuncExecute">Inherit from model</P>
      <P Name="RTWMemSecDataConstants">Inherit from model</P>
      <P Name="RTWMemSecDataInternal">Inherit from model</P>
      <P Name="RTWMemSecDataParameters">Inherit from model</P>
      <P Name="ContentPreviewEnabled">on</P>
      <P Name="Controller">PI</P>
      <P Name="Form">Parallel</P>
      <P Name="TimeDomain">Continuous-time</P>
      <P Name="UseExternalTs">off</P>
      <P Name="SampleTime">-1</P>
      <P Name="IntegratorMethod">Forward Euler</P>
      <P Name="FilterMethod">Forward Euler</P>
      <P Name="ControllerParametersSource">internal</P>
      <P Name="P">1</P>
      <P Name="I">1</P>
      <P Name="D">0</P>
      <P Name="UseFilter">on</P>
      <P Name="N">100</P>
      <P Name="TunerSelectOption">Transfer Function Based (PID Tuner App)</P>
      <P Name="ZeroCross">on</P>
      <P Name="InitialConditionSource">internal</P>
      <P Name="InitialConditionForIntegrator">0</P>
      <P Name="InitialConditionForFilter">0</P>
      <P Name="DifferentiatorICPrevScaledInput">0</P>
      <P Name="ExternalReset">none</P>
      <P Name="IgnoreLimit">off</P>
      <P Name="TrackingMode">off</P>
      <P Name="Kt">1</P>
      <P Name="LimitOutput">off</P>
      <P Name="SatLimitsSource">internal</P>
      <P Name="UpperSaturationLimit">inf</P>
      <P Name="LowerSaturationLimit">-inf</P>
      <P Name="LinearizeAsGain">on</P>
      <P Name="AntiWindupMode">none</P>
      <P Name="Kb">1</P>
      <P Name="RndMeth">Floor</P>
      <P Name="SaturateOnIntegerOverflow">off</P>
      <P Name="LockScale">off</P>
      <P Name="PGainOutDataTypeStr">Inherit: Inherit via internal rule</P>
      <P Name="PProdOutDataTypeStr">Inherit: Inherit via internal rule</P>
      <P Name="POutMin">[]</P>
      <P Name="POutMax">[]</P>
      <P Name="IGainOutDataTypeStr">Inherit: Inherit via internal rule</P>
      <P Name="IProdOutDataTypeStr">Inherit: Inherit via internal rule</P>
      <P Name="IOutMin">[]</P>
      <P Name="IOutMax">[]</P>
      <P Name="DGainOutDataTypeStr">Inherit: Inherit via internal rule</P>
      <P Name="DProdOutDataTypeStr">Inherit: Inherit via internal rule</P>
      <P Name="DOutMin">[]</P>
      <P Name="DOutMax">[]</P>
      <P Name="NGainOutDataTypeStr">Inherit: Inherit via internal rule</P>
      <P Name="NProdOutDataTypeStr">Inherit: Inherit via internal rule</P>
      <P Name="NOutMin">[]</P>
      <P Name="NOutMax">[]</P>
      <P Name="SumOutDataTypeStr">Inherit: Inherit via internal rule</P>
      <P Name="SumOutMin">[]</P>
      <P Name="SumOutMax">[]</P>
      <P Name="SaturationOutDataTypeStr">Inherit: Same as input</P>
      <P Name="SaturationOutMin">[]</P>
      <P Name="SaturationOutMax">[]</P>
      <P Name="PParamDataTypeStr">Inherit: Inherit via internal rule</P>
      <P Name="PParamMin">[]</P>
      <P Name="PParamMax">[]</P>
      <P Name="IParamDataTypeStr">Inherit: Inherit via internal rule</P>
      <P Name="IParamMin">[]</P>
      <P Name="IParamMax">[]</P>
      <P Name="DParamDataTypeStr">Inherit: Inherit via internal rule</P>
      <P Name="DParamMin">[]</P>
      <P Name="DParamMax">[]</P>
      <P Name="NParamDataTypeStr">Inherit: Inherit via internal rule</P>
      <P Name="NParamMin">[]</P>
      <P Name="NParamMax">[]</P>
      <P Name="KbParamDataTypeStr">Inherit: Inherit via internal rule</P>
      <P Name="KbParamMin">[]</P>
      <P Name="KbParamMax">[]</P>
      <P Name="KtParamDataTypeStr">Inherit: Inherit via internal rule</P>
      <P Name="KtParamMin">[]</P>
      <P Name="KtParamMax">[]</P>
      <P Name="KbOutDataTypeStr">Inherit: Inherit via internal rule</P>
      <P Name="KbOutMin">[]</P>
      <P Name="KbOutMax">[]</P>
      <P Name="KtOutDataTypeStr">Inherit: Inherit via internal rule</P>
      <P Name="KtOutMin">[]</P>
      <P Name="KtOutMax">[]</P>
      <P Name="IntegratorOutDataTypeStr">Inherit: Inherit via internal rule</P>
      <P Name="IntegratorOutMin">[]</P>
      <P Name="IntegratorOutMax">[]</P>
      <P Name="FilterOutDataTypeStr">Inherit: Inherit via internal rule</P>
      <P Name="FilterOutMin">[]</P>
      <P Name="FilterOutMax">[]</P>
      <P Name="SumI1OutDataTypeStr">Inherit: Inherit via internal rule</P>
      <P Name="SumI1OutMin">[]</P>
      <P Name="SumI1OutMax">[]</P>
      <P Name="SumI2OutDataTypeStr">Inherit: Inherit via internal rule</P>
      <P Name="SumI2OutMin">[]</P>
      <P Name="SumI2OutMax">[]</P>
      <P Name="SumI3OutDataTypeStr">Inherit: Inherit via internal rule</P>
      <P Name="SumI3OutMin">[]</P>
      <P Name="SumI3OutMax">[]</P>
      <P Name="SumI4OutDataTypeStr">Inherit: Inherit via internal rule</P>
      <P Name="SumI4OutMin">[]</P>
      <P Name="SumI4OutMax">[]</P>
      <P Name="SumDOutDataTypeStr">Inherit: Inherit via internal rule</P>
      <P Name="SumDOutMin">[]</P>
      <P Name="SumDOutMax">[]</P>
      <P Name="SumAccumDataTypeStr">Inherit: Inherit via internal rule</P>
      <P Name="SumI1AccumDataTypeStr">Inherit: Inherit via internal rule</P>
      <P Name="SumI2AccumDataTypeStr">Inherit: Inherit via internal rule</P>
      <P Name="SumI3AccumDataTypeStr">Inherit: Inherit via internal rule</P>
      <P Name="SumI4AccumDataTypeStr">Inherit: Inherit via internal rule</P>
      <P Name="SumDAccumDataTypeStr">Inherit: Inherit via internal rule</P>
      <P Name="DifferentiatorOutDataTypeStr">Inherit: Inherit via internal rule</P>
      <P Name="DifferentiatorOutMin">[]</P>
      <P Name="DifferentiatorOutMax">[]</P>
      <P Name="FilterDiffNumProductOutputDataTypeStr">Inherit: Inherit via internal rule</P>
      <P Name="FilterDiffDenProductOutputDataTypeStr">Inherit: Inherit via internal rule</P>
      <P Name="FilterDiffNumAccumDataTypeStr">Inherit: Inherit via internal rule</P>
      <P Name="FilterDiffDenAccumDataTypeStr">Inherit: Inherit via internal rule</P>
      <P Name="FilterDiffOutCoefDataTypeStr">Inherit: Inherit via internal rule</P>
      <P Name="FilterDiffOutCoefMin">[]</P>
      <P Name="FilterDiffOutCoefMax">[]</P>
      <P Name="ReciprocalOutDataTypeStr">Inherit: Inherit via internal rule</P>
      <P Name="ReciprocalOutMin">[]</P>
      <P Name="ReciprocalOutMax">[]</P>
      <P Name="SumDenOutDataTypeStr">Inherit: Inherit via internal rule</P>
      <P Name="SumDenOutMin">[]</P>
      <P Name="SumDenOutMax">[]</P>
      <P Name="SumNumOutDataTypeStr">Inherit: Inherit via internal rule</P>
      <P Name="SumNumOutMin">[]</P>
      <P Name="SumNumOutMax">[]</P>
      <P Name="SumDenAccumDataTypeStr">Inherit: Inherit via internal rule</P>
      <P Name="SumNumAccumDataTypeStr">Inherit: Inherit via internal rule</P>
      <P Name="DivideOutDataTypeStr">Inherit: Inherit via internal rule</P>
      <P Name="DivideOutMin">[]</P>
      <P Name="DivideOutMax">[]</P>
      <P Name="UdiffTsProdOutDataTypeStr">Inherit: Inherit via internal rule</P>
      <P Name="UdiffTsProdOutMin">[]</P>
      <P Name="UdiffTsProdOutMax">[]</P>
      <P Name="NTsProdOutDataTypeStr">Inherit: Inherit via internal rule</P>
      <P Name="NTsProdOutMin">[]</P>
      <P Name="NTsProdOutMax">[]</P>
      <P Name="UintegralTsProdOutDataTypeStr">Inherit: Inherit via internal rule</P>
      <P Name="UintegralTsProdOutMin">[]</P>
      <P Name="UintegralTsProdOutMax">[]</P>
      <P Name="UngainTsProdOutDataTypeStr">Inherit: Inherit via internal rule</P>
      <P Name="UngainTsProdOutMin">[]</P>
      <P Name="UngainTsProdOutMax">[]</P>
      <P Name="IntegratorContinuousStateAttributes">&apos;&apos;</P>
      <P Name="IntegratorStateMustResolveToSignalObject">off</P>
      <P Name="IntegratorRTWStateStorageClass">Auto</P>
      <P Name="FilterContinuousStateAttributes">&apos;&apos;</P>
      <P Name="FilterStateMustResolveToSignalObject">off</P>
      <P Name="FilterRTWStateStorageClass">Auto</P>
      <P Name="ParallelPVariant">InternalParameters</P>
      <P Name="IdealPVariant">Disabled</P>
      <P Name="IVariant">InternalParameters</P>
      <P Name="DVariant">Disabled</P>
      <P Name="IntegratorVariant">Continuous</P>
      <P Name="SatVariant">Disabled</P>
      <P Name="AWVariant">Passthrough</P>
      <P Name="PCopyVariant">Disabled</P>
      <P Name="TRVariant">Disabled</P>
      <P Name="FdbkBlocksVariant">Forward</P>
      <P Name="IdealPFdbkVariant">Disabled</P>
      <P Name="SatFdbkVariant">Disabled</P>
      <P Name="DerivativeFilterVariant">Disabled</P>
      <P Name="NVariant">Disabled</P>
      <P Name="NCopyVariant">Disabled_SignalSpec</P>
      <P Name="FilterICVariant">Disabled</P>
      <P Name="IntegratorICVariant">InternalICs</P>
      <P Name="ExternalResetVariant">Disabled</P>
      <P Name="TRSumVariant">Passthrough</P>
      <P Name="SumFdbkVariant">Disabled</P>
      <P Name="SumVariant">Sum_PI</P>
      <P Name="TsampFilterVariant">InternalTs</P>
      <P Name="TsampNgainVariant">Passthrough</P>
      <P Name="TsampIntegralVariant">Passthrough</P>
      <P Name="ExternalSaturationOutDataTypeStr">Inherit: Same as second input</P>
      <P Name="InitialConditionSetting">Auto</P>
    </InstanceData>
  </Block>
  <Line>
    <P Name="ZOrder">3</P>
    <P Name="Src">1#out:1</P>
    <P Name="Dst">5#in:1</P>
  </Line>
</System>
