<?xml version="1.0" encoding="UTF-8"?>
<sltp_graph version="1.1" packageUris="http://schema.mathworks.com/mf0/sltp_mm/R2021b_202106150630">
  <sltp.mm.core.Context type="sltp.mm.core.Context" uuid="c869f99c-a2fe-4a6a-9597-c89bce4f5527">
    <priorityDirection>HighNumberLast</priorityDirection>
    <editorState type="sltp.mm.core.EditorState" uuid="3429ef35-ff8f-40e9-9e53-88ef0319603d">
      <isSynchronized>true</isSynchronized>
      <panelState type="sltp.mm.core.EditorPanelState" uuid="4d0a93cc-e9a0-4489-8f2d-c729ee71b0ac"/>
    </editorState>
    <rootTask type="sltp.mm.core.Task" uuid="d3c8c224-d928-4fd5-a160-5a59fad5537d">
      <context type="sltp.mm.core.Context" uuid="c869f99c-a2fe-4a6a-9597-c89bce4f5527"/>
      <explicit>false</explicit>
      <name>Default</name>
      <priority>-2147483648</priority>
      <subgraph type="sltp.mm.core.Graph" uuid="d6c8fb67-b333-4ecc-b49f-117c52fe01ed">
        <tasks type="sltp.mm.core.Task" uuid="08c21032-5094-4b30-a6ce-3f550afe321c">
          <baseTask>true</baseTask>
          <context type="sltp.mm.core.Context" uuid="c869f99c-a2fe-4a6a-9597-c89bce4f5527"/>
          <explicit>false</explicit>
          <id>1</id>
          <isTimed>true</isTimed>
          <name>Cont</name>
          <priority>40</priority>
          <rates type="sltp.mm.core.Rate" uuid="00442d00-3675-4cfc-9d11-4c8e0cb76a37">
            <annotation>Cont</annotation>
            <color>255</color>
            <hasBlocks>true</hasBlocks>
            <identifier>Continuous00</identifier>
            <rateSpec type="sltp.mm.core.RateSpec">
              <period>0.0</period>
            </rateSpec>
            <sti>0</sti>
          </rates>
        </tasks>
      </subgraph>
    </rootTask>
  </sltp.mm.core.Context>
</sltp_graph>