<?xml version="1.0" encoding="utf-8"?>
<System>
  <P Name="Location">[-8, -8, 1928, 1048]</P>
  <P Name="SystemRect">[0.000000, 0.000000, 0.000000, 0.000000]</P>
  <P Name="SetExecutionDomain">off</P>
  <P Name="ExecutionDomainType">Deduce</P>
  <P Name="ZoomFactor">188</P>
  <P Name="SimulinkSubDomain">Simulink</P>
  <Block BlockType="Inport" Name="w_CE" SID="64:295">
    <P Name="Position">[15, 88, 45, 102]</P>
    <P Name="ZOrder">-2</P>
    <P Name="BackgroundColor">green</P>
  </Block>
  <Block BlockType="Inport" Name="P_demand" SID="64:296">
    <P Name="Position">[15, 123, 45, 137]</P>
    <P Name="ZOrder">-3</P>
    <P Name="BackgroundColor">green</P>
    <P Name="Port">2</P>
  </Block>
  <Block BlockType="Constant" Name="Constant3" SID="64:297">
    <P Name="Position">[15, 41, 85, 59]</P>
    <P Name="ZOrder">-4</P>
    <P Name="BackgroundColor">cyan</P>
    <P Name="ShowName">off</P>
    <P Name="Value">P_CE_idle</P>
  </Block>
  <Block BlockType="Fcn" Name="Idle detection" SID="64:298">
    <P Name="Position">[150, 99, 400, 131]</P>
    <P Name="ZOrder">-5</P>
    <P Name="BackgroundColor">yellow</P>
    <P Name="Expr">(u(1) &lt;= w_CE_idle) * (u(2) &lt;= P_CE_idle)</P>
  </Block>
  <Block BlockType="Mux" Name="Mux" SID="64:299">
    <P Name="Ports">[2, 1]</P>
    <P Name="Position">[110, 75, 120, 150]</P>
    <P Name="ZOrder">-6</P>
    <P Name="ShowName">off</P>
    <P Name="Inputs">2</P>
    <P Name="DisplayOption">bar</P>
  </Block>
  <Block BlockType="InportShadow" Name="P_demand1" SID="64:1973">
    <P Name="Position">[15, 173, 45, 187]</P>
    <P Name="ZOrder">1</P>
    <P Name="BackgroundColor">green</P>
    <P Name="Port">2</P>
  </Block>
  <Block BlockType="Switch" Name="Switch2" SID="64:300">
    <P Name="Position">[430, 17, 455, 213]</P>
    <P Name="ZOrder">-7</P>
    <P Name="ShowName">off</P>
    <P Name="Threshold">0.5</P>
  </Block>
  <Block BlockType="Outport" Name="P_CE" SID="64:301">
    <P Name="Position">[490, 108, 520, 122]</P>
    <P Name="ZOrder">-8</P>
    <P Name="BackgroundColor">red</P>
    <P Name="InitialOutput">0</P>
  </Block>
  <Line>
    <P Name="ZOrder">1</P>
    <P Name="Src">64:297#out:1</P>
    <P Name="Dst">64:300#in:1</P>
  </Line>
  <Line>
    <P Name="ZOrder">2</P>
    <P Name="Src">64:300#out:1</P>
    <P Name="Dst">64:301#in:1</P>
  </Line>
  <Line>
    <P Name="ZOrder">3</P>
    <P Name="Src">64:1973#out:1</P>
    <P Name="Dst">64:300#in:3</P>
  </Line>
  <Line>
    <P Name="ZOrder">4</P>
    <P Name="Src">64:298#out:1</P>
    <P Name="Dst">64:300#in:2</P>
  </Line>
  <Line>
    <P Name="ZOrder">5</P>
    <P Name="Src">64:295#out:1</P>
    <P Name="Dst">64:299#in:1</P>
  </Line>
  <Line>
    <P Name="ZOrder">6</P>
    <P Name="Src">64:296#out:1</P>
    <P Name="Dst">64:299#in:2</P>
  </Line>
  <Line>
    <P Name="ZOrder">7</P>
    <P Name="Src">64:299#out:1</P>
    <P Name="Dst">64:298#in:1</P>
  </Line>
</System>
