<?xml version="1.0" encoding="utf-8"?>
<System>
  <P Name="Location">[-8, -8, 1928, 1168]</P>
  <P Name="SystemRect">[0.000000, 0.000000, 0.000000, 0.000000]</P>
  <P Name="SetExecutionDomain">off</P>
  <P Name="ExecutionDomainType">Deduce</P>
  <P Name="ZoomFactor">125</P>
  <P Name="SIDHighWatermark">1958</P>
  <P Name="SIDPrevWatermark">1938</P>
  <P Name="SimulinkSubDomain">Simulink</P>
  <Block BlockType="Inport" Name="P_drive" SID="117:364">
    <P Name="Position">[10, 305, 30, 325]</P>
    <P Name="ZOrder">-2</P>
    <P Name="BackgroundColor">green</P>
  </Block>
  <Block BlockType="Inport" Name="w_prop" SID="117:363">
    <P Name="Position">[80, 185, 100, 205]</P>
    <P Name="ZOrder">-1</P>
    <P Name="BackgroundColor">green</P>
    <P Name="Port">2</P>
  </Block>
  <Block BlockType="Lookup_n-D" Name="2-D Lookup&#xA;Table" SID="117:1940">
    <P Name="Ports">[1, 1]</P>
    <P Name="Position">[435, 165, 515, 265]</P>
    <P Name="ZOrder">2</P>
    <P Name="InputPortMap">u0</P>
    <P Name="NumberOfTableDimensions">1</P>
    <P Name="BreakpointsForDimension1">motor_eff_IND.(&apos;%power&apos;)</P>
    <P Name="BreakpointsForDimension2">T_EM_col</P>
    <P Name="Table">motor_eff_IND.(&apos;eff&apos;)</P>
    <P Name="InterpMethod">Cubic spline</P>
    <P Name="ExtrapMethod">Cubic spline</P>
    <P Name="InternalRulePriority">Speed</P>
    <P Name="RndMeth">Simplest</P>
  </Block>
  <Block BlockType="SubSystem" Name="Detect overload&#xA;and overspeed1" SID="117:1945">
    <P Name="Ports">[2]</P>
    <P Name="Position">[795, 93, 860, 162]</P>
    <P Name="ZOrder">9</P>
    <P Name="BackgroundColor">orange</P>
    <P Name="Commented">on</P>
    <P Name="RequestExecContextInheritance">off</P>
    <System Ref="system_117_1945"/>
  </Block>
  <Block BlockType="Lookup2D" Name="Efficiency&#xA;eta = f(w, T)" SID="117:379">
    <P Name="Position">[250, 513, 340, 617]</P>
    <P Name="ZOrder">3</P>
    <P Name="Commented">on</P>
    <P Name="RowIndex">w_EM_row</P>
    <P Name="ColumnIndex">T_EM_col</P>
    <P Name="Table">eta_EM_map</P>
    <P Name="InputSameDT">off</P>
    <P Name="SaturateOnIntegerOverflow">off</P>
  </Block>
  <Block BlockType="Gain" Name="Gain" SID="117:1942">
    <P Name="Position">[215, 300, 245, 330]</P>
    <P Name="ZOrder">5</P>
    <P Name="Gain">1/rated_pow_M*100</P>
  </Block>
  <Block BlockType="Gain" Name="Gain1" SID="117:1944">
    <P Name="Position">[605, 305, 635, 335]</P>
    <P Name="ZOrder">8</P>
    <P Name="Gain">0.01</P>
  </Block>
  <Block BlockType="Product" Name="Product" SID="117:381">
    <P Name="Ports">[2, 1]</P>
    <P Name="Position">[560, 171, 580, 464]</P>
    <P Name="ZOrder">-8</P>
    <P Name="ShowName">off</P>
    <P Name="InputSameDT">on</P>
    <P Name="OutDataTypeStr">Inherit: Same as first input</P>
    <P Name="RndMeth">Zero</P>
    <P Name="SaturateOnIntegerOverflow">on</P>
  </Block>
  <Block BlockType="ToWorkspace" Name="To Workspace1" SID="117:382">
    <P Name="Ports">[1]</P>
    <P Name="Position">[310, 205, 350, 225]</P>
    <P Name="ZOrder">-9</P>
    <P Name="BackgroundColor">magenta</P>
    <P Name="NameLocation">top</P>
    <P Name="ShowName">off</P>
    <P Name="VariableName">w_EM_R</P>
    <P Name="MaxDataPoints">inf</P>
    <P Name="Save2DSignal">2-D array (concatenate along first dimension)</P>
    <P Name="SampleTime">-1</P>
  </Block>
  <Block BlockType="ToWorkspace" Name="To Workspace2" SID="117:383">
    <P Name="Ports">[1]</P>
    <P Name="Position">[310, 325, 350, 345]</P>
    <P Name="ZOrder">-10</P>
    <P Name="BackgroundColor">magenta</P>
    <P Name="NameLocation">top</P>
    <P Name="ShowName">off</P>
    <P Name="VariableName">T_EM_R</P>
    <P Name="MaxDataPoints">inf</P>
    <P Name="Save2DSignal">2-D array (concatenate along first dimension)</P>
    <P Name="SampleTime">-1</P>
  </Block>
  <Block BlockType="ToWorkspace" Name="To Workspace5" SID="117:384">
    <P Name="Ports">[1]</P>
    <P Name="Position">[685, 350, 725, 370]</P>
    <P Name="ZOrder">-11</P>
    <P Name="BackgroundColor">magenta</P>
    <P Name="NameLocation">top</P>
    <P Name="ShowName">off</P>
    <P Name="VariableName">P_EM_R</P>
    <P Name="MaxDataPoints">inf</P>
    <P Name="Save2DSignal">2-D array (concatenate along first dimension)</P>
    <P Name="SampleTime">-1</P>
  </Block>
  <Block BlockType="Gain" Name="VFD_eff" SID="117:1943">
    <P Name="Position">[95, 300, 125, 330]</P>
    <P Name="ZOrder">6</P>
    <P Name="Gain">0.96</P>
  </Block>
  <Block BlockType="Outport" Name="P_EM" SID="117:387">
    <P Name="Position">[695, 310, 715, 330]</P>
    <P Name="ZOrder">-14</P>
    <P Name="BackgroundColor">red</P>
    <P Name="InitialOutput">0</P>
  </Block>
  <Line>
    <P Name="ZOrder">1</P>
    <P Name="Src">117:381#out:1</P>
    <P Name="Dst">117:1944#in:1</P>
  </Line>
  <Line>
    <P Name="ZOrder">2</P>
    <P Name="Src">117:364#out:1</P>
    <P Name="Dst">117:1943#in:1</P>
  </Line>
  <Line>
    <P Name="ZOrder">3</P>
    <P Name="Src">117:1940#out:1</P>
    <P Name="Points">[20, 0; 0, 30]</P>
    <P Name="Dst">117:381#in:1</P>
  </Line>
  <Line>
    <P Name="ZOrder">4</P>
    <P Name="Src">117:363#out:1</P>
    <P Name="Points">[185, 0; 0, 20]</P>
    <P Name="Dst">117:382#in:1</P>
  </Line>
  <Line>
    <P Name="ZOrder">5</P>
    <P Name="Src">117:1942#out:1</P>
    <P Name="Points">[40, 0]</P>
    <Branch>
      <P Name="ZOrder">6</P>
      <P Name="Points">[0, 20]</P>
      <P Name="Dst">117:383#in:1</P>
    </Branch>
    <Branch>
      <P Name="ZOrder">7</P>
      <P Name="Points">[95, 0; 0, -100]</P>
      <P Name="Dst">117:1940#in:1</P>
    </Branch>
  </Line>
  <Line>
    <P Name="ZOrder">8</P>
    <P Name="Src">117:1943#out:1</P>
    <P Name="Points">[38, 0]</P>
    <Branch>
      <P Name="ZOrder">9</P>
      <P Name="Dst">117:1942#in:1</P>
    </Branch>
    <Branch>
      <P Name="ZOrder">10</P>
      <P Name="Points">[0, 75]</P>
      <P Name="Dst">117:381#in:2</P>
    </Branch>
  </Line>
  <Line>
    <P Name="ZOrder">11</P>
    <P Name="Src">117:1944#out:1</P>
    <P Name="Points">[20, 0]</P>
    <Branch>
      <P Name="ZOrder">12</P>
      <P Name="Points">[0, 40]</P>
      <P Name="Dst">117:384#in:1</P>
    </Branch>
    <Branch>
      <P Name="ZOrder">13</P>
      <P Name="Dst">117:387#in:1</P>
    </Branch>
  </Line>
</System>
