<?xml version="1.0" encoding="utf-8"?>
<System>
  <P Name="Location">[-8, -8, 1928, 1168]</P>
  <P Name="SystemRect">[0.000000, 0.000000, 0.000000, 0.000000]</P>
  <P Name="Open">on</P>
  <P Name="SetExecutionDomain">off</P>
  <P Name="ExecutionDomainType">Deduce</P>
  <P Name="ReportName">simulink-default.rpt</P>
  <P Name="SIDHighWatermark">154</P>
  <P Name="SimulinkSubDomain">Simulink</P>
  <Block BlockType="SubSystem" Name="Combustion Engine&#xA;Left" SID="64">
    <P Name="Tag">combustion engine</P>
    <P Name="Ports">[2, 2]</P>
    <P Name="Position">[560, 73, 655, 157]</P>
    <P Name="ZOrder">3069</P>
    <P Name="BackgroundColor">red</P>
    <P Name="AncestorBlock">qss_tb_library/Energy Converter/Combustion Engine
(consumption map)</P>
    <P Name="LibraryVersion">*1.294</P>
    <P Name="RequestExecContextInheritance">off</P>
    <Mask>
      <Display RunInitForIconRedraw="off"/>
    </Mask>
    <System Ref="system_64"/>
  </Block>
  <Block BlockType="SubSystem" Name="Combustion Engine&#xA;Right" SID="65">
    <P Name="Tag">combustion engine</P>
    <P Name="Ports">[2, 2]</P>
    <P Name="Position">[560, 578, 655, 662]</P>
    <P Name="ZOrder">3070</P>
    <P Name="BackgroundColor">red</P>
    <P Name="AncestorBlock">qss_tb_library/Energy Converter/Combustion Engine
(consumption map)</P>
    <P Name="LibraryVersion">*1.294</P>
    <P Name="RequestExecContextInheritance">off</P>
    <Mask>
      <Display RunInitForIconRedraw="off"/>
    </Mask>
    <System Ref="system_65"/>
  </Block>
  <Block BlockType="SubSystem" Name="Control Unit&#xA;(empty template)" SID="4">
    <P Name="Tag">control unit</P>
    <P Name="Ports">[5, 3]</P>
    <P Name="Position">[205, 285, 410, 455]</P>
    <P Name="ZOrder">46</P>
    <P Name="BackgroundColor">lightBlue</P>
    <P Name="AncestorBlock">qss_tb_library/Controller/Control Unit
(empty template)</P>
    <P Name="LibraryVersion">*1.294</P>
    <P Name="ShowPortLabels">SignalName</P>
    <P Name="RequestExecContextInheritance">off</P>
    <Mask>
      <Display RunInitForIconRedraw="off"/>
    </Mask>
    <System Ref="system_4"/>
  </Block>
  <Block BlockType="SubSystem" Name="Daily_Load" SID="56">
    <P Name="Ports">[0, 1]</P>
    <P Name="Position">[-345, 270, -210, 320]</P>
    <P Name="ZOrder">3066</P>
    <P Name="TreatAsAtomicUnit">on</P>
    <P Name="RequestExecContextInheritance">off</P>
    <P Name="ContentPreviewEnabled">on</P>
    <Port>
      <P Name="PortNumber">1</P>
      <P Name="Name">Prop_rpm_des</P>
    </Port>
    <System Ref="system_56"/>
  </Block>
  <Block BlockType="SubSystem" Name="Electric Generator&#xA;Right" SID="115">
    <P Name="Ports">[1, 2]</P>
    <P Name="Position">[560, 334, 655, 401]</P>
    <P Name="ZOrder">3085</P>
    <P Name="BackgroundColor">red</P>
    <P Name="AncestorBlock">qss_tb_library/Energy Converter/Electric Generator</P>
    <P Name="LibraryVersion">*1.294</P>
    <P Name="RequestExecContextInheritance">off</P>
    <System Ref="system_115"/>
  </Block>
  <Block BlockType="SubSystem" Name="Electric Motor Left" SID="116">
    <P Name="Ports">[2, 1]</P>
    <P Name="Position">[1005, 234, 1100, 321]</P>
    <P Name="ZOrder">3086</P>
    <P Name="BackgroundColor">red</P>
    <P Name="AncestorBlock">qss_tb_library/Energy Converter/Electric Motor</P>
    <P Name="LibraryVersion">*1.294</P>
    <P Name="RequestExecContextInheritance">off</P>
    <Mask>
      <Display RunInitForIconRedraw="off"/>
    </Mask>
    <System Ref="system_116"/>
  </Block>
  <Block BlockType="SubSystem" Name="Electric Motor Right" SID="117">
    <P Name="Ports">[2, 1]</P>
    <P Name="Position">[1005, 414, 1100, 501]</P>
    <P Name="ZOrder">3087</P>
    <P Name="BackgroundColor">red</P>
    <P Name="AncestorBlock">qss_tb_library/Energy Converter/Electric Motor</P>
    <P Name="LibraryVersion">*1.294</P>
    <P Name="RequestExecContextInheritance">off</P>
    <Mask>
      <Display RunInitForIconRedraw="off"/>
    </Mask>
    <System Ref="system_117"/>
  </Block>
  <Block BlockType="Gain" Name="Gain1" SID="110">
    <P Name="Position">[-60, 430, -30, 460]</P>
    <P Name="ZOrder">3077</P>
    <P Name="Gain">1/2</P>
  </Block>
  <Block BlockType="SubSystem" Name="Prop Left" SID="148">
    <P Name="Ports">[1, 1]</P>
    <P Name="Position">[1455, 239, 1555, 281]</P>
    <P Name="ZOrder">3091</P>
    <P Name="BackgroundColor">yellow</P>
    <P Name="RequestExecContextInheritance">off</P>
    <P Name="ContentPreviewEnabled">on</P>
    <Mask>
      <Display RunInitForIconRedraw="off"/>
    </Mask>
    <System Ref="system_148"/>
  </Block>
  <Block BlockType="SubSystem" Name="Prop Right" SID="142">
    <P Name="Ports">[1, 1]</P>
    <P Name="Position">[1455, 459, 1555, 501]</P>
    <P Name="ZOrder">3090</P>
    <P Name="BackgroundColor">yellow</P>
    <P Name="RequestExecContextInheritance">off</P>
    <P Name="ContentPreviewEnabled">on</P>
    <Mask>
      <Display RunInitForIconRedraw="off"/>
    </Mask>
    <System Ref="system_142"/>
  </Block>
  <Block BlockType="Saturate" Name="Saturation" SID="55">
    <P Name="Position">[60, 280, 90, 310]</P>
    <P Name="ZOrder">3065</P>
    <P Name="UpperLimit">inf</P>
    <P Name="LowerLimit">w_CE_idle</P>
  </Block>
  <Block BlockType="Sum" Name="Sum1" SID="31">
    <P Name="Ports">[2, 1]</P>
    <P Name="Position">[1190, 265, 1210, 285]</P>
    <P Name="ZOrder">65</P>
    <P Name="IconShape">rectangular</P>
  </Block>
  <Block BlockType="Sum" Name="Sum2" SID="32">
    <P Name="Ports">[2, 1]</P>
    <P Name="Position">[1190, 455, 1210, 475]</P>
    <P Name="ZOrder">66</P>
    <P Name="IconShape">rectangular</P>
  </Block>
  <Block BlockType="Sum" Name="Sum4" SID="154">
    <P Name="Ports">[2, 1]</P>
    <P Name="Position">[-145, 435, -125, 455]</P>
    <P Name="ZOrder">3092</P>
    <P Name="Inputs">+|+</P>
  </Block>
  <Block BlockType="SubSystem" Name="Transmission + Prop&#xA;Left" SID="118">
    <P Name="Ports">[2, 1]</P>
    <P Name="Position">[1260, 229, 1385, 291]</P>
    <P Name="ZOrder">3088</P>
    <P Name="BackgroundColor">cyan</P>
    <P Name="RequestExecContextInheritance">off</P>
    <P Name="ContentPreviewEnabled">on</P>
    <Mask>
      <Display RunInitForIconRedraw="off"/>
    </Mask>
    <System Ref="system_118"/>
  </Block>
  <Block BlockType="SubSystem" Name="Transmission + Prop&#xA;Right" SID="130">
    <P Name="Ports">[2, 1]</P>
    <P Name="Position">[1260, 449, 1385, 511]</P>
    <P Name="ZOrder">3089</P>
    <P Name="BackgroundColor">cyan</P>
    <P Name="RequestExecContextInheritance">off</P>
    <P Name="ContentPreviewEnabled">on</P>
    <Mask>
      <Display RunInitForIconRedraw="off"/>
    </Mask>
    <System Ref="system_130"/>
  </Block>
  <Line>
    <P Name="ZOrder">239</P>
    <P Name="Src">118#out:1</P>
    <P Name="Dst">148#in:1</P>
  </Line>
  <Line>
    <P Name="ZOrder">237</P>
    <P Name="Src">130#out:1</P>
    <P Name="Dst">142#in:1</P>
  </Line>
  <Line>
    <P Name="ZOrder">240</P>
    <P Name="Src">148#out:1</P>
    <P Name="Points">[16, 0; 0, -247; -340, 0]</P>
    <Branch>
      <P Name="ZOrder">231</P>
      <P Name="Points">[0, 232]</P>
      <P Name="Dst">118#in:1</P>
    </Branch>
    <Branch>
      <P Name="ZOrder">8</P>
      <P Name="Points">[-287, 0]</P>
      <Branch>
        <P Name="ZOrder">225</P>
        <P Name="Points">[0, 242]</P>
        <P Name="Dst">116#in:1</P>
      </Branch>
      <Branch>
        <P Name="ZOrder">130</P>
        <P Name="Points">[-422, 0]</P>
        <Branch>
          <P Name="ZOrder">246</P>
          <P Name="Points">[-662, 0]</P>
          <P Name="Dst">154#in:1</P>
        </Branch>
        <Branch>
          <P Name="ZOrder">143</P>
          <P Name="Points">[0, 82]</P>
          <P Name="Dst">64#in:1</P>
        </Branch>
      </Branch>
    </Branch>
  </Line>
  <Line>
    <P Name="ZOrder">229</P>
    <P Name="Src">117#out:1</P>
    <P Name="Dst">32#in:1</P>
  </Line>
  <Line>
    <P Name="ZOrder">236</P>
    <P Name="Src">32#out:1</P>
    <P Name="Dst">130#in:1</P>
  </Line>
  <Line>
    <P Name="ZOrder">60</P>
    <P Name="Src">64#out:2</P>
    <P Name="Points">[492, 0; 0, 135]</P>
    <P Name="Dst">31#in:1</P>
  </Line>
  <Line>
    <P Name="ZOrder">232</P>
    <P Name="Src">31#out:1</P>
    <P Name="Dst">118#in:2</P>
  </Line>
  <Line>
    <P Name="ZOrder">226</P>
    <P Name="Src">116#out:1</P>
    <P Name="Dst">31#in:2</P>
  </Line>
  <Line>
    <P Name="ZOrder">63</P>
    <P Name="Src">65#out:2</P>
    <P Name="Points">[7, 0; 0, 67; -510, 0; 0, -302]</P>
    <P Name="Dst">4#in:4</P>
  </Line>
  <Line>
    <P Name="ZOrder">61</P>
    <P Name="Src">64#out:1</P>
    <P Name="Points">[7, 0; 0, 182; -498, 0; 0, 58]</P>
    <P Name="Dst">4#in:2</P>
  </Line>
  <Line>
    <P Name="ZOrder">139</P>
    <P Name="Src">4#out:3</P>
    <P Name="Points">[71, 0; 0, 175]</P>
    <P Name="Dst">65#in:1</P>
  </Line>
  <Line>
    <P Name="ZOrder">59</P>
    <P Name="Src">4#out:1</P>
    <P Name="Points">[71, 0; 0, -180]</P>
    <P Name="Dst">64#in:2</P>
  </Line>
  <Line>
    <P Name="ZOrder">133</P>
    <P Name="Src">110#out:1</P>
    <P Name="Points">[149, 0; 0, -5]</P>
    <P Name="Dst">4#in:5</P>
  </Line>
  <Line>
    <P Name="ZOrder">222</P>
    <P Name="Src">115#out:2</P>
    <P Name="Points">[19, 0; 0, -116; -498, 0; 0, 101]</P>
    <P Name="Dst">4#in:3</P>
  </Line>
  <Line>
    <P Name="ZOrder">62</P>
    <P Name="Src">65#out:1</P>
    <P Name="Points">[492, 0; 0, -130]</P>
    <P Name="Dst">32#in:2</P>
  </Line>
  <Line>
    <P Name="ZOrder">48</P>
    <P Name="Src">55#out:1</P>
    <P Name="Points">[29, 0; 0, 5]</P>
    <P Name="Dst">4#in:1</P>
  </Line>
  <Line>
    <P Name="ZOrder">223</P>
    <P Name="Src">4#out:2</P>
    <P Name="Dst">115#in:1</P>
  </Line>
  <Line>
    <P Name="ZOrder">247</P>
    <P Name="Src">154#out:1</P>
    <P Name="Dst">110#in:1</P>
  </Line>
  <Line>
    <P Name="Name">Prop_rpm_des</P>
    <P Name="ZOrder">249</P>
    <P Name="Labels">[0, 0]</P>
    <P Name="Src">56#out:1</P>
    <P Name="Dst">55#in:1</P>
  </Line>
  <Line>
    <P Name="ZOrder">248</P>
    <P Name="Src">142#out:1</P>
    <P Name="Points">[14, 0; 0, 245; -333, 0]</P>
    <Branch>
      <P Name="ZOrder">257</P>
      <P Name="Points">[-287, 0]</P>
      <Branch>
        <P Name="ZOrder">251</P>
        <P Name="Points">[0, -245]</P>
        <P Name="Dst">117#in:2</P>
      </Branch>
      <Branch>
        <P Name="ZOrder">250</P>
        <P Name="Points">[-1089, 0]</P>
        <P Name="Dst">154#in:2</P>
      </Branch>
    </Branch>
    <Branch>
      <P Name="ZOrder">256</P>
      <P Name="Points">[0, -230]</P>
      <P Name="Dst">130#in:2</P>
    </Branch>
  </Line>
</System>
