<?xml version="1.0" encoding="utf-8"?>
<System>
  <P Name="Location">[952, -8, 1928, 1168]</P>
  <P Name="SystemRect">[0.000000, 0.000000, 0.000000, 0.000000]</P>
  <P Name="SetExecutionDomain">off</P>
  <P Name="ExecutionDomainType">Deduce</P>
  <P Name="ZoomFactor">150</P>
  <P Name="SIDHighWatermark">1997</P>
  <P Name="SIDPrevWatermark">1938</P>
  <P Name="SimulinkSubDomain">Simulink</P>
  <Block BlockType="Inport" Name="w_prop" SID="64:281">
    <P Name="Position">[-125, 55, -105, 75]</P>
    <P Name="ZOrder">-1</P>
    <P Name="BackgroundColor">green</P>
  </Block>
  <Block BlockType="Inport" Name="P_demand" SID="64:1950">
    <P Name="Position">[-130, 230, -110, 250]</P>
    <P Name="ZOrder">9</P>
    <P Name="BackgroundColor">green</P>
    <P Name="Port">2</P>
    <Port>
      <P Name="PortNumber">1</P>
      <P Name="Name">p_dem_kW</P>
    </Port>
  </Block>
  <Block BlockType="SubSystem" Name="Detect idle" SID="64:293">
    <P Name="Ports">[2, 1]</P>
    <P Name="Position">[455, 284, 530, 386]</P>
    <P Name="ZOrder">12</P>
    <P Name="RequestExecContextInheritance">off</P>
    <Port>
      <P Name="PortNumber">1</P>
      <P Name="Name">p_CE_kW</P>
    </Port>
    <System Ref="system_64_293"/>
  </Block>
  <Block BlockType="Gain" Name="Gain" SID="64:1975">
    <P Name="Position">[-65, 50, -35, 80]</P>
    <P Name="ZOrder">301</P>
    <P Name="Gain">DR</P>
  </Block>
  <Block BlockType="Gain" Name="Gain1" SID="64:1997">
    <P Name="Position">[845, 80, 875, 110]</P>
    <P Name="ZOrder">329</P>
    <P Name="Gain">1/3600</P>
  </Block>
  <Block BlockType="Integrator" Name="Integrator" SID="64:1991">
    <P Name="Ports">[1, 1]</P>
    <P Name="Position">[925, 80, 955, 110]</P>
    <P Name="ZOrder">324</P>
  </Block>
  <Block BlockType="Lookup_n-D" Name="Lookup with&#xA;Linear Lagrange&#xA;Interpolation" SID="64:1972">
    <P Name="Ports">[1, 1]</P>
    <P Name="Position">[65, 105, 120, 155]</P>
    <P Name="ZOrder">299</P>
    <P Name="InputPortMap">u0</P>
    <P Name="NumberOfTableDimensions">1</P>
    <P Name="BreakpointsForDimension1">MaxLimit.(&apos;RPM&apos;)</P>
    <P Name="Table">MaxLimit.(&apos;Pow_kW_&apos;)</P>
    <P Name="InterpMethod">Linear Lagrange</P>
    <P Name="InternalRulePriority">Speed</P>
    <P Name="RndMeth">Simplest</P>
  </Block>
  <Block BlockType="SubSystem" Name="MATLAB Function1" SID="64:1985">
    <P Name="Ports">[2, 1]</P>
    <P Name="Position">[580, 43, 680, 127]</P>
    <P Name="ZOrder">317</P>
    <P Name="ErrorFcn">Stateflow.Translate.translate</P>
    <P Name="PermitHierarchicalResolution">ExplicitOnly</P>
    <P Name="TreatAsAtomicUnit">on</P>
    <P Name="RequestExecContextInheritance">off</P>
    <P Name="SFBlockType">MATLAB Function</P>
    <P Name="ContentPreviewEnabled">on</P>
    <System Ref="system_64_1985"/>
  </Block>
  <Block BlockType="MinMax" Name="Max" SID="64:1968">
    <P Name="Ports">[2, 1]</P>
    <P Name="Position">[195, 217, 225, 248]</P>
    <P Name="ZOrder">295</P>
    <P Name="Inputs">2</P>
    <Port>
      <P Name="PortNumber">1</P>
      <P Name="Name">p_dem_kW</P>
    </Port>
  </Block>
  <Block BlockType="Product" Name="Product" SID="64:1986">
    <P Name="Ports">[2, 1]</P>
    <P Name="Position">[775, 77, 805, 108]</P>
    <P Name="ZOrder">318</P>
  </Block>
  <Block BlockType="Scope" Name="Scope1" SID="64:1994">
    <P Name="Ports">[1]</P>
    <P Name="Position">[355, 304, 385, 336]</P>
    <P Name="ZOrder">327</P>
    <P Name="ScopeSpecificationString">Simulink.scopes.TimeScopeBlockCfg(&apos;CurrentConfiguration&apos;, extmgr.ConfigurationSet(extmgr.Configuration(&apos;Core&apos;,&apos;General UI&apos;,true),extmgr.Configuration(&apos;Core&apos;,&apos;Source UI&apos;,true),extmgr.Configuration(&apos;Sources&apos;,&apos;WiredSimulink&apos;,true,&apos;DataLoggingVariableName&apos;,&apos;ScopeData5&apos;),extmgr.Configuration(&apos;Visuals&apos;,&apos;Time Domain&apos;,true,&apos;SerializedDisplays&apos;,{struct(&apos;MinYLimReal&apos;,&apos;-0.8765&apos;,&apos;MaxYLimReal&apos;,&apos;7.88851&apos;,&apos;YLabelReal&apos;,&apos;&apos;,&apos;MinYLimMag&apos;,&apos;0.00000&apos;,&apos;MaxYLimMag&apos;,&apos;7.88851&apos;,&apos;LegendVisibility&apos;,&apos;off&apos;,&apos;XGrid&apos;,true,&apos;YGrid&apos;,true,&apos;PlotMagPhase&apos;,false,&apos;AxesColor&apos;,[0 0 0],&apos;AxesTickColor&apos;,[0.686274509803922 0.686274509803922 0.686274509803922],&apos;ColorOrder&apos;,[1 1 0.0666666666666667;0.0745098039215686 0.623529411764706 1;1 0.411764705882353 0.16078431372549;0.392156862745098 0.831372549019608 0.0745098039215686;0.717647058823529 0.274509803921569 1;0.0588235294117647 1 1;1 0.0745098039215686 0.650980392156863],&apos;Title&apos;,&apos;%&lt;SignalLabel&gt;&apos;,&apos;LinePropertiesCache&apos;,{{}},&apos;UserDefinedChannelNames&apos;,{{}},&apos;NumLines&apos;,1,&apos;LineNames&apos;,{{&apos;p_dem_kW&apos;}},&apos;ShowContent&apos;,true,&apos;Placement&apos;,1)},&apos;DisplayPropertyDefaults&apos;,struct(&apos;MinYLimReal&apos;,&apos;-0.8765&apos;,&apos;MaxYLimReal&apos;,&apos;7.88851&apos;,&apos;YLabelReal&apos;,&apos;&apos;,&apos;MinYLimMag&apos;,&apos;0.00000&apos;,&apos;MaxYLimMag&apos;,&apos;7.88851&apos;,&apos;LegendVisibility&apos;,&apos;off&apos;,&apos;XGrid&apos;,true,&apos;YGrid&apos;,true,&apos;PlotMagPhase&apos;,false,&apos;AxesColor&apos;,[0 0 0],&apos;AxesTickColor&apos;,[0.686274509803922 0.686274509803922 0.686274509803922],&apos;ColorOrder&apos;,[0.0745098039215686 0.623529411764706 1;1 0.411764705882353 0.16078431372549;1 1 0.0666666666666667;0.717647058823529 0.274509803921569 1;0.392156862745098 0.831372549019608 0.0745098039215686;0.0588235294117647 1 1;1 0.0745098039215686 0.650980392156863])),extmgr.Configuration(&apos;Tools&apos;,&apos;Plot Navigation&apos;,true),extmgr.Configuration(&apos;Tools&apos;,&apos;Measurements&apos;,true,&apos;Version&apos;,&apos;2021b&apos;)),&apos;Version&apos;,&apos;2021b&apos;,&apos;Position&apos;,[987 389 560 420])</P>
    <P Name="NumInputPorts">1</P>
    <P Name="Floating">off</P>
  </Block>
  <Block BlockType="Scope" Name="Scope2" SID="64:1995">
    <P Name="Ports">[1]</P>
    <P Name="Position">[865, 264, 895, 296]</P>
    <P Name="ZOrder">328</P>
    <P Name="ScopeSpecificationString">Simulink.scopes.TimeScopeBlockCfg(&apos;CurrentConfiguration&apos;, extmgr.ConfigurationSet(extmgr.Configuration(&apos;Core&apos;,&apos;General UI&apos;,true),extmgr.Configuration(&apos;Core&apos;,&apos;Source UI&apos;,true),extmgr.Configuration(&apos;Sources&apos;,&apos;WiredSimulink&apos;,true,&apos;DataLoggingVariableName&apos;,&apos;ScopeData7&apos;),extmgr.Configuration(&apos;Visuals&apos;,&apos;Time Domain&apos;,true,&apos;SerializedDisplays&apos;,{struct(&apos;MinYLimReal&apos;,&apos;-0.8765&apos;,&apos;MaxYLimReal&apos;,&apos;7.88851&apos;,&apos;YLabelReal&apos;,&apos;&apos;,&apos;MinYLimMag&apos;,&apos;0.00000&apos;,&apos;MaxYLimMag&apos;,&apos;7.88851&apos;,&apos;LegendVisibility&apos;,&apos;off&apos;,&apos;XGrid&apos;,true,&apos;YGrid&apos;,true,&apos;PlotMagPhase&apos;,false,&apos;AxesColor&apos;,[0 0 0],&apos;AxesTickColor&apos;,[0.686274509803922 0.686274509803922 0.686274509803922],&apos;ColorOrder&apos;,[1 1 0.0666666666666667;0.0745098039215686 0.623529411764706 1;1 0.411764705882353 0.16078431372549;0.392156862745098 0.831372549019608 0.0745098039215686;0.717647058823529 0.274509803921569 1;0.0588235294117647 1 1;1 0.0745098039215686 0.650980392156863],&apos;Title&apos;,&apos;%&lt;SignalLabel&gt;&apos;,&apos;LinePropertiesCache&apos;,{{}},&apos;UserDefinedChannelNames&apos;,{{}},&apos;NumLines&apos;,1,&apos;LineNames&apos;,{{&apos;p_CE_kW&apos;}},&apos;ShowContent&apos;,true,&apos;Placement&apos;,1)},&apos;DisplayPropertyDefaults&apos;,struct(&apos;MinYLimReal&apos;,&apos;-0.8765&apos;,&apos;MaxYLimReal&apos;,&apos;7.88851&apos;,&apos;YLabelReal&apos;,&apos;&apos;,&apos;MinYLimMag&apos;,&apos;0.00000&apos;,&apos;MaxYLimMag&apos;,&apos;7.88851&apos;,&apos;LegendVisibility&apos;,&apos;off&apos;,&apos;XGrid&apos;,true,&apos;YGrid&apos;,true,&apos;PlotMagPhase&apos;,false,&apos;AxesColor&apos;,[0 0 0],&apos;AxesTickColor&apos;,[0.686274509803922 0.686274509803922 0.686274509803922],&apos;ColorOrder&apos;,[0.0745098039215686 0.623529411764706 1;1 0.411764705882353 0.16078431372549;1 1 0.0666666666666667;0.717647058823529 0.274509803921569 1;0.392156862745098 0.831372549019608 0.0745098039215686;0.0588235294117647 1 1;1 0.0745098039215686 0.650980392156863])),extmgr.Configuration(&apos;Tools&apos;,&apos;Plot Navigation&apos;,true),extmgr.Configuration(&apos;Tools&apos;,&apos;Measurements&apos;,true,&apos;Version&apos;,&apos;2021b&apos;)),&apos;Version&apos;,&apos;2021b&apos;)</P>
    <P Name="NumInputPorts">1</P>
    <P Name="Floating">off</P>
  </Block>
  <Block BlockType="ToWorkspace" Name="To Workspace1" SID="64:1951">
    <P Name="Ports">[1]</P>
    <P Name="Position">[995, 135, 1035, 155]</P>
    <P Name="ZOrder">10</P>
    <P Name="BackgroundColor">magenta</P>
    <P Name="NameLocation">top</P>
    <P Name="ShowName">off</P>
    <P Name="VariableName">m_CE</P>
    <P Name="MaxDataPoints">inf</P>
    <P Name="Save2DSignal">2-D array (concatenate along first dimension)</P>
    <P Name="SampleTime">-1</P>
  </Block>
  <Block BlockType="ToWorkspace" Name="To Workspace3" SID="64:319">
    <P Name="Ports">[1]</P>
    <P Name="Position">[350, 195, 390, 215]</P>
    <P Name="ZOrder">-13</P>
    <P Name="BackgroundColor">magenta</P>
    <P Name="NameLocation">top</P>
    <P Name="ShowName">off</P>
    <P Name="VariableName">P_d</P>
    <P Name="MaxDataPoints">inf</P>
    <P Name="Save2DSignal">2-D array (concatenate along first dimension)</P>
    <P Name="SampleTime">-1</P>
  </Block>
  <Block BlockType="ToWorkspace" Name="To Workspace5" SID="64:321">
    <P Name="Ports">[1]</P>
    <P Name="Position">[995, 365, 1035, 385]</P>
    <P Name="ZOrder">-15</P>
    <P Name="BackgroundColor">magenta</P>
    <P Name="NameLocation">top</P>
    <P Name="ShowName">off</P>
    <P Name="VariableName">P_CE</P>
    <P Name="MaxDataPoints">inf</P>
    <P Name="Save2DSignal">2-D array (concatenate along first dimension)</P>
    <P Name="SampleTime">-1</P>
  </Block>
  <Block BlockType="Outport" Name="m_CE" SID="64:1952">
    <P Name="Position">[1005, 85, 1025, 105]</P>
    <P Name="ZOrder">11</P>
    <P Name="BackgroundColor">red</P>
    <P Name="InitialOutput">0</P>
  </Block>
  <Block BlockType="Outport" Name="P_CE" SID="64:324">
    <P Name="Position">[1005, 325, 1025, 345]</P>
    <P Name="ZOrder">-18</P>
    <P Name="BackgroundColor">red</P>
    <P Name="Port">2</P>
    <P Name="InitialOutput">0</P>
  </Block>
  <Line>
    <P Name="ZOrder">1</P>
    <P Name="Src">64:1991#out:1</P>
    <P Name="Points">[19, 0]</P>
    <Branch>
      <P Name="ZOrder">2</P>
      <P Name="Points">[0, 50]</P>
      <P Name="Dst">64:1951#in:1</P>
    </Branch>
    <Branch>
      <P Name="ZOrder">3</P>
      <P Name="Dst">64:1952#in:1</P>
    </Branch>
  </Line>
  <Line>
    <P Name="ZOrder">4</P>
    <P Name="Src">64:281#out:1</P>
    <P Name="Dst">64:1975#in:1</P>
  </Line>
  <Line>
    <P Name="Name">p_CE_kW</P>
    <P Name="ZOrder">5</P>
    <P Name="Src">64:293#out:1</P>
    <P Name="Points">[13, 0]</P>
    <Branch>
      <P Name="ZOrder">6</P>
      <P Name="Labels">[1, 1]</P>
      <P Name="Points">[289, 0]</P>
      <Branch>
        <P Name="ZOrder">7</P>
        <P Name="Points">[0, -55]</P>
        <P Name="Dst">64:1995#in:1</P>
      </Branch>
      <Branch>
        <P Name="ZOrder">8</P>
        <P Name="Points">[143, 0]</P>
        <Branch>
          <P Name="ZOrder">9</P>
          <P Name="Dst">64:321#in:1</P>
        </Branch>
        <Branch>
          <P Name="ZOrder">10</P>
          <P Name="Dst">64:324#in:1</P>
        </Branch>
      </Branch>
    </Branch>
    <Branch>
      <P Name="ZOrder">11</P>
      <P Name="Labels">[1, 1]</P>
      <P Name="Points">[0, -130]</P>
      <Branch>
        <P Name="ZOrder">12</P>
        <P Name="Labels">[1, 1]</P>
        <P Name="Points">[180, 0; 0, -105]</P>
        <P Name="Dst">64:1986#in:2</P>
      </Branch>
      <Branch>
        <P Name="ZOrder">13</P>
        <P Name="Labels">[1, 1]</P>
        <P Name="Points">[0, -100]</P>
        <P Name="Dst">64:1985#in:2</P>
      </Branch>
    </Branch>
  </Line>
  <Line>
    <P Name="ZOrder">14</P>
    <P Name="Src">64:1972#out:1</P>
    <P Name="Points">[30, 0; 0, 95]</P>
    <P Name="Dst">64:1968#in:1</P>
  </Line>
  <Line>
    <P Name="ZOrder">15</P>
    <P Name="Src">64:1985#out:1</P>
    <P Name="Dst">64:1986#in:1</P>
  </Line>
  <Line>
    <P Name="ZOrder">16</P>
    <P Name="Src">64:1975#out:1</P>
    <P Name="Points">[61, 0]</P>
    <Branch>
      <P Name="ZOrder">91</P>
      <P Name="Points">[0, 65]</P>
      <P Name="Dst">64:1972#in:1</P>
    </Branch>
    <Branch>
      <P Name="ZOrder">17</P>
      <P Name="Points">[389, 0]</P>
      <Branch>
        <P Name="ZOrder">24</P>
        <P Name="Points">[0, 245]</P>
        <P Name="Dst">64:293#in:1</P>
      </Branch>
      <Branch>
        <P Name="ZOrder">25</P>
        <P Name="Dst">64:1985#in:1</P>
      </Branch>
    </Branch>
  </Line>
  <Line>
    <P Name="ZOrder">27</P>
    <P Name="Src">64:1986#out:1</P>
    <P Name="Dst">64:1997#in:1</P>
  </Line>
  <Line>
    <P Name="Name">p_dem_kW</P>
    <P Name="ZOrder">28</P>
    <P Name="Labels">[1, 1]</P>
    <P Name="Src">64:1968#out:1</P>
    <P Name="Points">[80, 0]</P>
    <Branch>
      <P Name="ZOrder">29</P>
      <P Name="Points">[0, 85]</P>
      <P Name="Dst">64:1994#in:1</P>
    </Branch>
    <Branch>
      <P Name="ZOrder">30</P>
      <P Name="Points">[20, 0]</P>
      <Branch>
        <P Name="ZOrder">93</P>
        <P Name="Labels">[1, 0]</P>
        <P Name="Points">[0, -30]</P>
        <P Name="Dst">64:319#in:1</P>
      </Branch>
      <Branch>
        <P Name="ZOrder">31</P>
        <P Name="Points">[75, 0; 0, 125]</P>
        <P Name="Dst">64:293#in:2</P>
      </Branch>
    </Branch>
  </Line>
  <Line>
    <P Name="Name">p_dem_kW</P>
    <P Name="ZOrder">33</P>
    <P Name="Labels">[1, 1]</P>
    <P Name="Src">64:1950#out:1</P>
    <P Name="Dst">64:1968#in:2</P>
  </Line>
  <Line>
    <P Name="ZOrder">94</P>
    <P Name="Src">64:1997#out:1</P>
    <P Name="Dst">64:1991#in:1</P>
  </Line>
</System>
