<?xml version="1.0" encoding="utf-8"?>
<System>
  <P Name="Location">[223, 338, 826, 833]</P>
  <P Name="SystemRect">[0.000000, 0.000000, 0.000000, 0.000000]</P>
  <P Name="SetExecutionDomain">off</P>
  <P Name="ExecutionDomainType">Deduce</P>
  <P Name="SIDHighWatermark">28</P>
  <P Name="SimulinkSubDomain">Simulink</P>
  <Block BlockType="Inport" Name="rpm" SID="65:1985::1">
    <P Name="Position">[20, 101, 40, 119]</P>
    <P Name="ZOrder">-1</P>
  </Block>
  <Block BlockType="Inport" Name="pow" SID="65:1985::22">
    <P Name="Position">[20, 136, 40, 154]</P>
    <P Name="ZOrder">13</P>
    <P Name="Port">2</P>
  </Block>
  <Block BlockType="Demux" Name=" Demux " SID="65:1985::27">
    <P Name="Ports">[1, 1]</P>
    <P Name="Position">[270, 230, 320, 270]</P>
    <P Name="ZOrder">18</P>
    <P Name="Outputs">1</P>
  </Block>
  <Block BlockType="S-Function" Name=" SFunction " SID="65:1985::26">
    <P Name="Tag">Stateflow S-Function 3</P>
    <P Name="Ports">[2, 2]</P>
    <P Name="Position">[180, 100, 230, 160]</P>
    <P Name="ZOrder">17</P>
    <P Name="FunctionName">sf_sfun</P>
    <P Name="PortCounts">[2 2]</P>
    <P Name="SFunctionDeploymentMode">off</P>
    <P Name="EnableBusSupport">off</P>
    <P Name="SFcnIsStateOwnerBlock">off</P>
    <Port>
      <P Name="PortNumber">2</P>
      <P Name="Name">fuel</P>
    </Port>
  </Block>
  <Block BlockType="Terminator" Name=" Terminator " SID="65:1985::28">
    <P Name="Position">[460, 241, 480, 259]</P>
    <P Name="ZOrder">19</P>
  </Block>
  <Block BlockType="Outport" Name="fuel" SID="65:1985::5">
    <P Name="Position">[460, 101, 480, 119]</P>
    <P Name="ZOrder">-5</P>
  </Block>
  <Line>
    <P Name="ZOrder">6</P>
    <P Name="Src">65:1985::1#out:1</P>
    <P Name="Points">[120, 0]</P>
    <P Name="Dst">65:1985::26#in:1</P>
  </Line>
  <Line>
    <P Name="ZOrder">7</P>
    <P Name="Src">65:1985::22#out:1</P>
    <P Name="Dst">65:1985::26#in:2</P>
  </Line>
  <Line>
    <P Name="Name">fuel</P>
    <P Name="ZOrder">8</P>
    <P Name="Labels">[0, 0]</P>
    <P Name="Src">65:1985::26#out:2</P>
    <P Name="Dst">65:1985::5#in:1</P>
  </Line>
  <Line>
    <P Name="ZOrder">9</P>
    <P Name="Src">65:1985::27#out:1</P>
    <P Name="Dst">65:1985::28#in:1</P>
  </Line>
  <Line>
    <P Name="ZOrder">10</P>
    <P Name="Src">65:1985::26#out:1</P>
    <P Name="Dst">65:1985::27#in:1</P>
  </Line>
</System>
