<?xml version="1.0" encoding="utf-8"?>
<System>
  <P Name="Location">[-8, -8, 1928, 1168]</P>
  <P Name="SystemRect">[0.000000, 0.000000, 0.000000, 0.000000]</P>
  <P Name="SetExecutionDomain">off</P>
  <P Name="ExecutionDomainType">Deduce</P>
  <P Name="ZoomFactor">125</P>
  <P Name="SimulinkSubDomain">Simulink</P>
  <Block BlockType="Inport" Name="P_EM" SID="131">
    <P Name="Position">[-100, 28, -70, 42]</P>
    <P Name="ZOrder">-1</P>
  </Block>
  <Block BlockType="Inport" Name="w_prop" SID="132">
    <P Name="Position">[-100, 153, -70, 167]</P>
    <P Name="ZOrder">1</P>
    <P Name="Port">2</P>
    <Port>
      <P Name="PortNumber">1</P>
      <P Name="Name">prop_rads</P>
      <P Name="PropagatedSignals">prop_rads</P>
    </Port>
  </Block>
  <Block BlockType="Product" Name="Divide" SID="133">
    <P Name="Ports">[2, 1]</P>
    <P Name="Position">[145, 27, 175, 58]</P>
    <P Name="ZOrder">299</P>
    <P Name="Inputs">*/</P>
    <Port>
      <P Name="PortNumber">1</P>
      <P Name="Name">T_CE</P>
    </Port>
  </Block>
  <Block BlockType="Gain" Name="Drive Ratio" SID="134">
    <P Name="Position">[555, 40, 585, 70]</P>
    <P Name="ZOrder">298</P>
    <P Name="Gain">DR</P>
  </Block>
  <Block BlockType="Gain" Name="Gain" SID="135">
    <P Name="Position">[75, 145, 105, 175]</P>
    <P Name="ZOrder">300</P>
    <P Name="Gain">DR</P>
  </Block>
  <Block BlockType="Gain" Name="Gain2" SID="136">
    <P Name="Position">[225, 29, 255, 61]</P>
    <P Name="ZOrder">302</P>
    <P Name="Gain">9.5488*1000</P>
  </Block>
  <Block BlockType="Gain" Name="Gearbox+Prop Inertia" SID="137">
    <P Name="Position">[630, 40, 660, 70]</P>
    <P Name="ZOrder">265</P>
    <P Name="Gain">1/Trans_In</P>
    <Port>
      <P Name="PortNumber">1</P>
      <P Name="Name">dw/dt_prop</P>
    </Port>
  </Block>
  <Block BlockType="Lookup_n-D" Name="Lookup with&#xA;Linear Point-slope&#xA;Interpolation1" SID="138">
    <P Name="Ports">[1, 1]</P>
    <P Name="Position">[170, 128, 235, 192]</P>
    <P Name="ZOrder">305</P>
    <P Name="InputPortMap">u0</P>
    <P Name="NumberOfTableDimensions">1</P>
    <P Name="BreakpointsForDimension1">resT.(&apos;rpm&apos;)</P>
    <P Name="Table">resT.(&apos;resT&apos;)</P>
    <P Name="InternalRulePriority">Speed</P>
    <P Name="RndMeth">Simplest</P>
    <Port>
      <P Name="PortNumber">1</P>
      <P Name="Name">T_res</P>
    </Port>
  </Block>
  <Block BlockType="Scope" Name="Scope" SID="139">
    <P Name="Ports">[1]</P>
    <P Name="Position">[720, -41, 750, -9]</P>
    <P Name="ZOrder">304</P>
    <P Name="ScopeSpecificationString">Simulink.scopes.TimeScopeBlockCfg(&apos;CurrentConfiguration&apos;, extmgr.ConfigurationSet(extmgr.Configuration(&apos;Core&apos;,&apos;General UI&apos;,true),extmgr.Configuration(&apos;Core&apos;,&apos;Source UI&apos;,true),extmgr.Configuration(&apos;Sources&apos;,&apos;WiredSimulink&apos;,true,&apos;DataLoggingVariableName&apos;,&apos;ScopeData6&apos;),extmgr.Configuration(&apos;Visuals&apos;,&apos;Time Domain&apos;,true,&apos;SerializedDisplays&apos;,{struct(&apos;MinYLimReal&apos;,&apos;-29.57419&apos;,&apos;MaxYLimReal&apos;,&apos;43.97876&apos;,&apos;YLabelReal&apos;,&apos;&apos;,&apos;MinYLimMag&apos;,&apos;0.00000&apos;,&apos;MaxYLimMag&apos;,&apos;43.97876&apos;,&apos;LegendVisibility&apos;,&apos;off&apos;,&apos;XGrid&apos;,true,&apos;YGrid&apos;,true,&apos;PlotMagPhase&apos;,false,&apos;AxesColor&apos;,[0 0 0],&apos;AxesTickColor&apos;,[0.686274509803922 0.686274509803922 0.686274509803922],&apos;ColorOrder&apos;,[1 1 0.0666666666666667;0.0745098039215686 0.623529411764706 1;1 0.411764705882353 0.16078431372549;0.392156862745098 0.831372549019608 0.0745098039215686;0.717647058823529 0.274509803921569 1;0.0588235294117647 1 1;1 0.0745098039215686 0.650980392156863],&apos;Title&apos;,&apos;%&lt;SignalLabel&gt;&apos;,&apos;LinePropertiesCache&apos;,{{}},&apos;UserDefinedChannelNames&apos;,{{}},&apos;NumLines&apos;,1,&apos;LineNames&apos;,{{&apos;Subtract&apos;}},&apos;ShowContent&apos;,true,&apos;Placement&apos;,1)},&apos;DisplayPropertyDefaults&apos;,struct(&apos;MinYLimReal&apos;,&apos;-29.57419&apos;,&apos;MaxYLimReal&apos;,&apos;43.97876&apos;,&apos;YLabelReal&apos;,&apos;&apos;,&apos;MinYLimMag&apos;,&apos;0.00000&apos;,&apos;MaxYLimMag&apos;,&apos;43.97876&apos;,&apos;LegendVisibility&apos;,&apos;off&apos;,&apos;XGrid&apos;,true,&apos;YGrid&apos;,true,&apos;PlotMagPhase&apos;,false,&apos;AxesColor&apos;,[0 0 0],&apos;AxesTickColor&apos;,[0.686274509803922 0.686274509803922 0.686274509803922],&apos;ColorOrder&apos;,[0.0745098039215686 0.623529411764706 1;1 0.411764705882353 0.16078431372549;1 1 0.0666666666666667;0.717647058823529 0.274509803921569 1;0.392156862745098 0.831372549019608 0.0745098039215686;0.0588235294117647 1 1;1 0.0745098039215686 0.650980392156863])),extmgr.Configuration(&apos;Tools&apos;,&apos;Plot Navigation&apos;,true,&apos;OnceAtStop&apos;,false,&apos;PreviousAutoscale&apos;,&apos;XY&apos;),extmgr.Configuration(&apos;Tools&apos;,&apos;Measurements&apos;,true,&apos;Version&apos;,&apos;2021b&apos;)),&apos;Version&apos;,&apos;2021b&apos;)</P>
    <P Name="NumInputPorts">1</P>
    <P Name="Floating">off</P>
  </Block>
  <Block BlockType="Sum" Name="Subtract" SID="140">
    <P Name="Ports">[2, 1]</P>
    <P Name="Position">[440, 37, 470, 68]</P>
    <P Name="ZOrder">264</P>
    <P Name="IconShape">rectangular</P>
    <P Name="Inputs">+-</P>
  </Block>
  <Block BlockType="Outport" Name="dw/dt_prop" SID="141">
    <P Name="Position">[750, 48, 780, 62]</P>
    <P Name="ZOrder">-2</P>
  </Block>
  <Line>
    <P Name="Name">T_res</P>
    <P Name="ZOrder">1</P>
    <P Name="Labels">[0, 0]</P>
    <P Name="Src">138#out:1</P>
    <P Name="Points">[108, 0; 0, -100]</P>
    <P Name="Dst">140#in:2</P>
  </Line>
  <Line>
    <P Name="ZOrder">2</P>
    <P Name="Src">131#out:1</P>
    <P Name="Dst">133#in:1</P>
  </Line>
  <Line>
    <P Name="ZOrder">3</P>
    <P Name="Src">140#out:1</P>
    <P Name="Points">[50, 0]</P>
    <Branch>
      <P Name="ZOrder">4</P>
      <P Name="Points">[0, -80]</P>
      <P Name="Dst">139#in:1</P>
    </Branch>
    <Branch>
      <P Name="ZOrder">5</P>
      <P Name="Dst">134#in:1</P>
    </Branch>
  </Line>
  <Line>
    <P Name="Name">dw/dt_prop</P>
    <P Name="ZOrder">6</P>
    <P Name="Labels">[1, 1]</P>
    <P Name="Src">137#out:1</P>
    <P Name="Dst">141#in:1</P>
  </Line>
  <Line>
    <P Name="ZOrder">7</P>
    <P Name="Src">134#out:1</P>
    <P Name="Dst">137#in:1</P>
  </Line>
  <Line>
    <P Name="Name">T_CE</P>
    <P Name="ZOrder">8</P>
    <P Name="Labels">[1, 1]</P>
    <P Name="Src">133#out:1</P>
    <P Name="Dst">136#in:1</P>
  </Line>
  <Line>
    <P Name="ZOrder">9</P>
    <P Name="Src">135#out:1</P>
    <P Name="Points">[17, 0]</P>
    <Branch>
      <P Name="ZOrder">10</P>
      <P Name="Dst">138#in:1</P>
    </Branch>
    <Branch>
      <P Name="ZOrder">11</P>
      <P Name="Points">[0, -110]</P>
      <P Name="Dst">133#in:2</P>
    </Branch>
  </Line>
  <Line>
    <P Name="ZOrder">12</P>
    <P Name="Src">136#out:1</P>
    <P Name="Dst">140#in:1</P>
  </Line>
  <Line>
    <P Name="Name">prop_rads</P>
    <P Name="ZOrder">13</P>
    <P Name="Labels">[-1, 0]</P>
    <P Name="Src">132#out:1</P>
    <P Name="Dst">135#in:1</P>
  </Line>
</System>
