<?xml version="1.0" encoding="utf-8"?>
<System>
  <P Name="Location">[-8, -8, 1928, 1048]</P>
  <P Name="SystemRect">[0.000000, 0.000000, 0.000000, 0.000000]</P>
  <P Name="SetExecutionDomain">off</P>
  <P Name="ExecutionDomainType">Deduce</P>
  <P Name="ZoomFactor">218</P>
  <P Name="SimulinkSubDomain">Simulink</P>
  <Block BlockType="Lookup_n-D" Name="1-D Lookup&#xA;Table" SID="57">
    <P Name="Ports">[1, 1]</P>
    <P Name="Position">[125, 93, 190, 157]</P>
    <P Name="ZOrder">3048</P>
    <P Name="InputPortMap">u0</P>
    <P Name="NumberOfTableDimensions">1</P>
    <P Name="BreakpointsForDimension1">[1:10800]</P>
    <P Name="Table">dailyloadl.(&apos;m_sec&apos;)</P>
    <P Name="InternalRulePriority">Speed</P>
    <P Name="RndMeth">Simplest</P>
  </Block>
  <Block BlockType="Clock" Name="Clock" SID="58">
    <P Name="Position">[20, 115, 40, 135]</P>
    <P Name="ZOrder">3049</P>
  </Block>
  <Block BlockType="ToWorkspace" Name="To Workspace3" SID="59">
    <P Name="Ports">[1]</P>
    <P Name="Position">[115, 20, 205, 50]</P>
    <P Name="ZOrder">3050</P>
    <P Name="ForegroundColor">red</P>
    <P Name="VariableName">t</P>
    <P Name="MaxDataPoints">inf</P>
    <P Name="Save2DSignal">2-D array (concatenate along first dimension)</P>
    <P Name="FixptAsFi">on</P>
    <P Name="SampleTime">-1</P>
  </Block>
  <Block BlockType="ToWorkspace" Name="To Workspace4" SID="60">
    <P Name="Ports">[1]</P>
    <P Name="Position">[255, 40, 345, 70]</P>
    <P Name="ZOrder">3051</P>
    <P Name="ForegroundColor">red</P>
    <P Name="VariableName">rpm_des</P>
    <P Name="MaxDataPoints">inf</P>
    <P Name="Save2DSignal">2-D array (concatenate along first dimension)</P>
    <P Name="FixptAsFi">on</P>
    <P Name="SampleTime">-1</P>
  </Block>
  <Block BlockType="Outport" Name="Prop_rpm_des" SID="61">
    <P Name="Position">[390, 118, 420, 132]</P>
    <P Name="ZOrder">3052</P>
  </Block>
  <Line>
    <P Name="ZOrder">1</P>
    <P Name="Src">58#out:1</P>
    <P Name="Points">[38, 0]</P>
    <Branch>
      <P Name="ZOrder">2</P>
      <P Name="Points">[0, -90]</P>
      <P Name="Dst">59#in:1</P>
    </Branch>
    <Branch>
      <P Name="ZOrder">3</P>
      <P Name="Dst">57#in:1</P>
    </Branch>
  </Line>
  <Line>
    <P Name="ZOrder">4</P>
    <P Name="Src">57#out:1</P>
    <P Name="Points">[38, 0]</P>
    <Branch>
      <P Name="ZOrder">5</P>
      <P Name="Dst">61#in:1</P>
    </Branch>
    <Branch>
      <P Name="ZOrder">6</P>
      <P Name="Points">[0, -70]</P>
      <P Name="Dst">60#in:1</P>
    </Branch>
  </Line>
</System>
